Entities:
abyssalcraft:abygolem -- abyssalcraft.abygolem
abyssalcraft:abyssalzombie -- abyssalcraft.abyssalzombie
abyssalcraft:acidprojectile -- acidprojectile
abyssalcraft:antiabyssalzombie -- abyssalcraft.antiabyssalzombie
abyssalcraft:antibat -- abyssalcraft.antibat
abyssalcraft:antichicken -- abyssalcraft.antichicken
abyssalcraft:anticow -- abyssalcraft.anticow
abyssalcraft:anticreeper -- abyssalcraft.anticreeper
abyssalcraft:antighoul -- abyssalcraft.antighoul
abyssalcraft:antipig -- abyssalcraft.antipig
abyssalcraft:antiplayer -- abyssalcraft.antiplayer
abyssalcraft:antiskeleton -- abyssalcraft.antiskeleton
abyssalcraft:antispider -- abyssalcraft.antispider
abyssalcraft:antizombie -- abyssalcraft.antizombie
abyssalcraft:blackhole -- blackhole
abyssalcraft:chagaroth -- abyssalcraft.chagaroth
abyssalcraft:chagarothfist -- abyssalcraft.chagarothfist
abyssalcraft:chagarothspawn -- abyssalcraft.chagarothspawn
abyssalcraft:coraliumarrow -- CoraliumArrow
abyssalcraft:coraliumsquid -- abyssalcraft.coraliumsquid
abyssalcraft:demonchicken -- abyssalcraft.demonchicken
abyssalcraft:demoncow -- abyssalcraft.demoncow
abyssalcraft:demonpig -- abyssalcraft.demonpig
abyssalcraft:demonsheep -- abyssalcraft.demonsheep
abyssalcraft:depthsghoul -- abyssalcraft.depthsghoul
abyssalcraft:dragonboss -- abyssalcraft.dragonboss
abyssalcraft:dragonminion -- abyssalcraft.dragonminion
abyssalcraft:dreadedcharge -- dreadedcharge
abyssalcraft:dreadgolem -- abyssalcraft.dreadgolem
abyssalcraft:dreadguard -- abyssalcraft.dreadguard
abyssalcraft:dreadling -- abyssalcraft.dreadling
abyssalcraft:dreadslug -- DreadSlug
abyssalcraft:dreadspawn -- abyssalcraft.dreadspawn
abyssalcraft:evilchicken -- abyssalcraft.evilchicken
abyssalcraft:evilcow -- abyssalcraft.evilcow
abyssalcraft:evilpig -- abyssalcraft.evilpig
abyssalcraft:evilsheep -- abyssalcraft.evilsheep
abyssalcraft:gatekeeperessence -- GatekeeperEssence
abyssalcraft:greaterdreadspawn -- abyssalcraft.greaterdreadspawn
abyssalcraft:gskeleton -- abyssalcraft.gskeleton
abyssalcraft:implosion -- implosion
abyssalcraft:inkprojectile -- inkprojectile
abyssalcraft:jzahar -- abyssalcraft.Jzahar
abyssalcraft:jzaharminion -- abyssalcraft.jzaharminion
abyssalcraft:lesserdreadbeast -- abyssalcraft.lesserdreadbeast
abyssalcraft:lessershoggoth -- abyssalcraft.lessershoggoth
abyssalcraft:omotholghoul -- abyssalcraft.omotholghoul
abyssalcraft:powerstonetracker -- PowerstoneTracker
abyssalcraft:primedodb -- Primed ODB
abyssalcraft:primedodbcore -- Primed ODB Core
abyssalcraft:remnant -- abyssalcraft.remnant
abyssalcraft:shadowbeast -- abyssalcraft.shadowbeast
abyssalcraft:shadowboss -- abyssalcraft.shadowboss
abyssalcraft:shadowcreature -- abyssalcraft.shadowcreature
abyssalcraft:shadowmonster -- abyssalcraft.shadowmonster
abyssalcraft:shuboffspring -- abyssalcraft.shuboffspring
abyssalcraft:spirititem -- spirititem
advancedrocketry:arabducteditem -- ARAbductedItem
advancedrocketry:arhovercraft -- hovercraft
advancedrocketry:arplanetuibutton -- ARPlanetUIButton
advancedrocketry:arplanetuiitem -- ARPlanetUIItem
advancedrocketry:arspaceelevatorcapsule -- ARSpaceElevatorCapsule
advancedrocketry:arstaruibutton -- ARStarUIButton
advancedrocketry:deployedrocket -- deployedRocket
advancedrocketry:lasernode -- laserNode
advancedrocketry:mountdummy -- mountDummy
advancedrocketry:rocket -- rocket
aoa3:abyssal_lottoman -- aoa3.abyssal_lottoman
aoa3:agility_tablet -- aoa3.agility_tablet
aoa3:airhead -- aoa3.airhead
aoa3:alarmo -- aoa3.alarmo
aoa3:alluricorn -- aoa3.alluricorn
aoa3:ambient_pixon -- aoa3.ambient_pixon
aoa3:amphibior -- aoa3.amphibior
aoa3:amphibiyte -- aoa3.amphibiyte
aoa3:ancient_golem -- aoa3.ancient_golem
aoa3:anemia -- aoa3.anemia
aoa3:anemia_bomb -- aoa3.anemia_bomb
aoa3:angelica -- aoa3.angelica
aoa3:angler -- aoa3.angler
aoa3:anima_master -- aoa3.anima_master
aoa3:anima_stone -- aoa3.anima_stone
aoa3:apparition -- aoa3.apparition
aoa3:aquaball -- aoa3.aquaball
aoa3:aquatic_shot -- aoa3.aquatic_shot
aoa3:arc_flower -- aoa3.arc_flower
aoa3:arc_wizard -- aoa3.arc_wizard
aoa3:arcbeast -- aoa3.arcbeast
aoa3:archvine -- aoa3.archvine
aoa3:arcworm -- aoa3.arcworm
aoa3:arcworm_shot -- aoa3.arcworm_shot
aoa3:ariel -- aoa3.ariel
aoa3:arkback -- aoa3.arkback
aoa3:arkzyne -- aoa3.arkzyne
aoa3:arocknid -- aoa3.arocknid
aoa3:assassin -- aoa3.assassin
aoa3:atomizer_bounce -- aoa3.atomizer_bounce
aoa3:atomizer_shot -- aoa3.atomizer_shot
aoa3:augury_master -- aoa3.augury_master
aoa3:automaton -- aoa3.automaton
aoa3:awareness_tablet -- aoa3.awareness_tablet
aoa3:axiolight -- aoa3.axiolight
aoa3:bane -- aoa3.bane
aoa3:bane_big -- aoa3.bane_big
aoa3:bane_clone -- aoa3.bane_clone
aoa3:banshee -- aoa3.banshee
aoa3:baron_bomb -- aoa3.baron_bomb
aoa3:baron_lottoman -- aoa3.baron_lottoman
aoa3:baron_shot -- aoa3.baron_shot
aoa3:baroness -- aoa3.baroness
aoa3:baroness_shot -- aoa3.baroness_shot
aoa3:basilisk -- aoa3.basilisk
aoa3:baumba -- aoa3.baumba
aoa3:beamer_shot -- aoa3.beamer_shot
aoa3:black_ursa -- aoa3.black_ursa
aoa3:blissard -- aoa3.blissard
aoa3:blood_drainer -- aoa3.blood_drainer
aoa3:bloodball -- aoa3.bloodball
aoa3:bloodlust -- aoa3.bloodlust
aoa3:bloodmist -- aoa3.bloodmist
aoa3:bloodsucker -- aoa3.bloodsucker
aoa3:blooming_pixon -- aoa3.blooming_pixon
aoa3:blue_flower -- aoa3.blue_flower
aoa3:blue_guardian -- aoa3.blue_guardian
aoa3:blue_guardian_shot -- aoa3.blue_guardian_shot
aoa3:blue_rune_templar -- aoa3.blue_rune_templar
aoa3:blue_runic_lifeform -- aoa3.blue_runic_lifeform
aoa3:bobo -- aoa3.bobo
aoa3:bomb_carrier -- aoa3.bomb_carrier
aoa3:bone_creature -- aoa3.bone_creature
aoa3:bone_creeper -- aoa3.bone_creeper
aoa3:bone_pellet -- aoa3.bone_pellet
aoa3:boneback -- aoa3.boneback
aoa3:boreic_lottoman -- aoa3.boreic_lottoman
aoa3:boss_item -- aoa3.boss_item
aoa3:bouncer -- aoa3.bouncer
aoa3:bozo_ball -- aoa3.bozo_ball
aoa3:breeding_tablet -- aoa3.breeding_tablet
aoa3:broccohead -- aoa3.broccohead
aoa3:brute -- aoa3.brute
aoa3:bubble_shot -- aoa3.bubble_shot
aoa3:bugeye -- aoa3.bugeye
aoa3:bullet_bone -- aoa3.bullet_bone
aoa3:bullet_shot -- aoa3.bullet_shot
aoa3:bush_baby -- aoa3.bush_baby
aoa3:butchery_master -- aoa3.butchery_master
aoa3:candied_lottoman -- aoa3.candied_lottoman
aoa3:candy_corny -- aoa3.candy_corny
aoa3:cane_bug -- aoa3.cane_bug
aoa3:cannonball -- aoa3.cannonball
aoa3:cannonball_balloon_bomb -- aoa3.cannonball_balloon_bomb
aoa3:cannonball_blue_heavy -- aoa3.cannonball_blue_heavy
aoa3:cannonball_carrot -- aoa3.cannonball_carrot
aoa3:cannonball_clown_ball -- aoa3.cannonball_clown_ball
aoa3:cannonball_energy_shot -- aoa3.cannonball_energy_shot
aoa3:cannonball_erebon_stickler -- aoa3.cannonball_erebon_stickler
aoa3:cannonball_erebon_stickler_stuck -- aoa3.cannonball_erebon_stickler_stuck
aoa3:cannonball_flower_ball -- aoa3.cannonball_flower_ball
aoa3:cannonball_fungal_ball -- aoa3.cannonball_fungal_ball
aoa3:cannonball_ghoul_ball -- aoa3.cannonball_ghoul_ball
aoa3:cannonball_golden -- aoa3.cannonball_golden
aoa3:cannonball_green_ball_giga -- aoa3.cannonball_green_ball_giga
aoa3:cannonball_green_ball_mini -- aoa3.cannonball_green_ball_mini
aoa3:cannonball_green_ball_super -- aoa3.cannonball_green_ball_super
aoa3:cannonball_green_ball_ultra -- aoa3.cannonball_green_ball_ultra
aoa3:cannonball_heavy -- aoa3.cannonball_heavy
aoa3:cannonball_heavy_bone -- aoa3.cannonball_heavy_bone
aoa3:cannonball_heavy_red -- aoa3.cannonball_heavy_red
aoa3:cannonball_heavy_shadowball -- aoa3.cannonball_heavy_shadowball
aoa3:cannonball_heavy_wither -- aoa3.cannonball_heavy_wither
aoa3:cannonball_hive_ball -- aoa3.cannonball_hive_ball
aoa3:cannonball_luxon_stickler -- aoa3.cannonball_luxon_stickler
aoa3:cannonball_luxon_stickler_stuck -- aoa3.cannonball_luxon_stickler_stuck
aoa3:cannonball_moon_shot -- aoa3.cannonball_moon_shot
aoa3:cannonball_orange -- aoa3.cannonball_orange
aoa3:cannonball_pluton_stickler -- aoa3.cannonball_pluton_stickler
aoa3:cannonball_pluton_stickler_stuck -- aoa3.cannonball_pluton_stickler_stuck
aoa3:cannonball_selyan_stickler -- aoa3.cannonball_selyan_stickler
aoa3:cannonball_selyan_stickler_stuck -- aoa3.cannonball_selyan_stickler_stuck
aoa3:cannonball_smile_blaster -- aoa3.cannonball_smile_blaster
aoa3:cannonball_smiley -- aoa3.cannonball_smiley
aoa3:cannonball_sticky_bomb_cool -- aoa3.cannonball_sticky_bomb_cool
aoa3:cannonball_sticky_bomb_red -- aoa3.cannonball_sticky_bomb_red
aoa3:cannonball_vox_cannon -- aoa3.cannonball_vox_cannon
aoa3:cannonball_water_balloon_bomb -- aoa3.cannonball_water_balloon_bomb
aoa3:carrotop -- aoa3.carrotop
aoa3:case_construct -- aoa3.case_construct
aoa3:cave_creep -- aoa3.cave_creep
aoa3:cave_creepoid -- aoa3.cave_creepoid
aoa3:celestial_fall -- aoa3.celestial_fall
aoa3:celevian_lottoman -- aoa3.celevian_lottoman
aoa3:centinel -- aoa3.centinel
aoa3:chakram -- aoa3.chakram
aoa3:charger -- aoa3.charger
aoa3:cherry_barrager -- aoa3.cherry_barrager
aoa3:cherry_blaster -- aoa3.cherry_blaster
aoa3:cherry_shot -- aoa3.cherry_shot
aoa3:chilli_shot -- aoa3.chilli_shot
aoa3:chimera -- aoa3.chimera
aoa3:chocko -- aoa3.chocko
aoa3:chomper -- aoa3.chomper
aoa3:cleansing_tablet -- aoa3.cleansing_tablet
aoa3:clown -- aoa3.clown
aoa3:clown_shot -- aoa3.clown_shot
aoa3:clunkhead -- aoa3.clunkhead
aoa3:compeer -- aoa3.compeer
aoa3:confetti_cluster -- aoa3.confetti_cluster
aoa3:confetti_shot -- aoa3.confetti_shot
aoa3:coniferon -- aoa3.coniferon
aoa3:construct_flight -- aoa3.construct_flight
aoa3:construct_mind -- aoa3.construct_mind
aoa3:construct_of_servility -- aoa3.construct_of_servility
aoa3:construct_range -- aoa3.construct_range
aoa3:construct_resistance -- aoa3.construct_resistance
aoa3:construct_shot -- aoa3.construct_shot
aoa3:construct_speed -- aoa3.construct_speed
aoa3:construct_strength -- aoa3.construct_strength
aoa3:construct_terror -- aoa3.construct_terror
aoa3:corallus -- aoa3.corallus
aoa3:corallus_shot -- aoa3.corallus_shot
aoa3:coralon -- aoa3.coralon
aoa3:coratee -- aoa3.coratee
aoa3:corby -- aoa3.corby
aoa3:corny -- aoa3.corny
aoa3:corrupted_traveller -- aoa3.corrupted_traveller
aoa3:cotton_candor -- aoa3.cotton_candor
aoa3:cotton_candor_shot -- aoa3.cotton_candor_shot
aoa3:craexxeus -- aoa3.craexxeus
aoa3:craexxeus_nuke -- aoa3.craexxeus_nuke
aoa3:craexxeus_shot -- aoa3.craexxeus_shot
aoa3:craggy -- aoa3.craggy
aoa3:creation_master -- aoa3.creation_master
aoa3:creep -- aoa3.creep
aoa3:creep_banker -- aoa3.creep_banker
aoa3:creep_bomb -- aoa3.creep_bomb
aoa3:creep_cow -- aoa3.creep_cow
aoa3:creep_tube -- aoa3.creep_tube
aoa3:creeper_shot -- aoa3.creeper_shot
aoa3:creeperlock -- aoa3.creeperlock
aoa3:creepird -- aoa3.creepird
aoa3:creeponia_lottoman -- aoa3.creeponia_lottoman
aoa3:creepuple -- aoa3.creepuple
aoa3:crusilisk -- aoa3.crusilisk
aoa3:cryptid -- aoa3.cryptid
aoa3:crystal_lottoman -- aoa3.crystal_lottoman
aoa3:crystal_trader -- aoa3.crystal_trader
aoa3:crystocore -- aoa3.crystocore
aoa3:cyan_shot -- aoa3.cyan_shot
aoa3:cyclops -- aoa3.cyclops
aoa3:dark_beast -- aoa3.dark_beast
aoa3:dawnlight -- aoa3.dawnlight
aoa3:daysee -- aoa3.daysee
aoa3:dead_tree -- aoa3.dead_tree
aoa3:death_hunter -- aoa3.death_hunter
aoa3:death_ray -- aoa3.death_ray
aoa3:deinotherium -- aoa3.deinotherium
aoa3:demon_reaper -- aoa3.demon_reaper
aoa3:desert_charger -- aoa3.desert_charger
aoa3:destroyer_shot -- aoa3.destroyer_shot
aoa3:destruction_shot -- aoa3.destruction_shot
aoa3:destructor -- aoa3.destructor
aoa3:devourer -- aoa3.devourer
aoa3:dicer -- aoa3.dicer
aoa3:diocus -- aoa3.diocus
aoa3:discharge_shot -- aoa3.discharge_shot
aoa3:discharge_slug -- aoa3.discharge_slug
aoa3:distorter -- aoa3.distorter
aoa3:distortion_tablet -- aoa3.distortion_tablet
aoa3:doom_shot -- aoa3.doom_shot
aoa3:doubler -- aoa3.doubler
aoa3:dracyon -- aoa3.dracyon
aoa3:draggy -- aoa3.draggy
aoa3:dungeon_keeper -- aoa3.dungeon_keeper
aoa3:dust_strider -- aoa3.dust_strider
aoa3:dusteiva -- aoa3.dusteiva
aoa3:duston -- aoa3.duston
aoa3:dustopian_lottoman -- aoa3.dustopian_lottoman
aoa3:dweller -- aoa3.dweller
aoa3:dyrehorn -- aoa3.dyrehorn
aoa3:echodar -- aoa3.echodar
aoa3:eeo -- aoa3.eeo
aoa3:eilosapien -- aoa3.eilosapien
aoa3:elite_skele_hopper -- aoa3.elite_skele_hopper
aoa3:elite_skele_pig -- aoa3.elite_skele_pig
aoa3:elite_skeleman -- aoa3.elite_skeleman
aoa3:elkanyne -- aoa3.elkanyne
aoa3:elusive -- aoa3.elusive
aoa3:elusive_clone -- aoa3.elusive_clone
aoa3:embrake -- aoa3.embrake
aoa3:emperor_beast -- aoa3.emperor_beast
aoa3:ender_carrier -- aoa3.ender_carrier
aoa3:energy_tablet -- aoa3.energy_tablet
aoa3:enforcer -- aoa3.enforcer
aoa3:eradicator_shot -- aoa3.eradicator_shot
aoa3:everbeast -- aoa3.everbeast
aoa3:exohead -- aoa3.exohead
aoa3:exoid -- aoa3.exoid
aoa3:expedition_master -- aoa3.expedition_master
aoa3:explodot -- aoa3.explodot
aoa3:explosives_expert -- aoa3.explosives_expert
aoa3:extraction_master -- aoa3.extraction_master
aoa3:eye_creature -- aoa3.eye_creature
aoa3:faceless_floater -- aoa3.faceless_floater
aoa3:faceless_runner -- aoa3.faceless_runner
aoa3:fake_pigman -- aoa3.fake_pigman
aoa3:fake_tnt -- aoa3.fake_tnt
aoa3:fake_zorp -- aoa3.fake_zorp
aoa3:fenix -- aoa3.fenix
aoa3:fiend -- aoa3.fiend
aoa3:firefly_shot -- aoa3.firefly_shot
aoa3:firestorm_fall -- aoa3.firestorm_fall
aoa3:fischer -- aoa3.fischer
aoa3:fishix -- aoa3.fishix
aoa3:flamewalker -- aoa3.flamewalker
aoa3:flash -- aoa3.flash
aoa3:flesh_eater -- aoa3.flesh_eater
aoa3:floro_lottoman -- aoa3.floro_lottoman
aoa3:flower_shot -- aoa3.flower_shot
aoa3:flowerface -- aoa3.flowerface
aoa3:flye -- aoa3.flye
aoa3:foraging_master -- aoa3.foraging_master
aoa3:fragment_shot -- aoa3.fragment_shot
aoa3:friendly_creeper -- aoa3.friendly_creeper
aoa3:fungat -- aoa3.fungat
aoa3:fungback -- aoa3.fungback
aoa3:fungik -- aoa3.fungik
aoa3:fungock -- aoa3.fungock
aoa3:fungung -- aoa3.fungung
aoa3:furlion -- aoa3.furlion
aoa3:gadgetoid -- aoa3.gadgetoid
aoa3:ghastus -- aoa3.ghastus
aoa3:ghost -- aoa3.ghost
aoa3:ghostine_ancient -- aoa3.ghostine_ancient
aoa3:ghostly_bugeye -- aoa3.ghostly_bugeye
aoa3:ghostly_charger -- aoa3.ghostly_charger
aoa3:ghostly_cyclops -- aoa3.ghostly_cyclops
aoa3:ghostly_goblin -- aoa3.ghostly_goblin
aoa3:ghostly_night_reaper -- aoa3.ghostly_night_reaper
aoa3:ghostly_sasquatch -- aoa3.ghostly_sasquatch
aoa3:ghoul_shot -- aoa3.ghoul_shot
aoa3:giant_snail -- aoa3.giant_snail
aoa3:gingerbird -- aoa3.gingerbird
aoa3:gingerbread_man -- aoa3.gingerbread_man
aoa3:glaring_pixon -- aoa3.glaring_pixon
aoa3:gleaming_pixon -- aoa3.gleaming_pixon
aoa3:glistening_pixon -- aoa3.glistening_pixon
aoa3:glowing_pixon -- aoa3.glowing_pixon
aoa3:gnawer -- aoa3.gnawer
aoa3:goalby -- aoa3.goalby
aoa3:goblin -- aoa3.goblin
aoa3:gold_shot -- aoa3.gold_shot
aoa3:golden_lottoman -- aoa3.golden_lottoman
aoa3:goldorth -- aoa3.goldorth
aoa3:goldum -- aoa3.goldum
aoa3:goldus -- aoa3.goldus
aoa3:goo_ball -- aoa3.goo_ball
aoa3:goofer -- aoa3.goofer
aoa3:gorb_arms_dealer -- aoa3.gorb_arms_dealer
aoa3:gorb_citizen -- aoa3.gorb_citizen
aoa3:gorb_engineer -- aoa3.gorb_engineer
aoa3:gravity_tablet -- aoa3.gravity_tablet
aoa3:graw -- aoa3.graw
aoa3:graw_shot -- aoa3.graw_shot
aoa3:green_flower -- aoa3.green_flower
aoa3:green_guardian -- aoa3.green_guardian
aoa3:green_guardian_shot -- aoa3.green_guardian_shot
aoa3:green_rune_templar -- aoa3.green_rune_templar
aoa3:green_runic_lifeform -- aoa3.green_runic_lifeform
aoa3:grenade -- aoa3.grenade
aoa3:grenade_floro_rpg -- aoa3.grenade_floro_rpg
aoa3:grenade_multiplying -- aoa3.grenade_multiplying
aoa3:grenade_rpg -- aoa3.grenade_rpg
aoa3:grillface -- aoa3.grillface
aoa3:grobbler -- aoa3.grobbler
aoa3:grocculate -- aoa3.grocculate
aoa3:grunt -- aoa3.grunt
aoa3:gyro -- aoa3.gyro
aoa3:gyrocopter -- aoa3.gyrocopter
aoa3:hag -- aoa3.hag
aoa3:hag_shot -- aoa3.hag_shot
aoa3:halycon -- aoa3.halycon
aoa3:harkos -- aoa3.harkos
aoa3:hauling_master -- aoa3.hauling_master
aoa3:haunted_lottoman -- aoa3.haunted_lottoman
aoa3:haunter_shot -- aoa3.haunter_shot
aoa3:headless_destroyer -- aoa3.headless_destroyer
aoa3:headless_hunter -- aoa3.headless_hunter
aoa3:healing_golem -- aoa3.healing_golem
aoa3:heart_stone -- aoa3.heart_stone
aoa3:heavy_grenade -- aoa3.heavy_grenade
aoa3:heavy_runic_guardian_shot -- aoa3.heavy_runic_guardian_shot
aoa3:heavy_shower_shot -- aoa3.heavy_shower_shot
aoa3:heavy_tri_discharge_shot -- aoa3.heavy_tri_discharge_shot
aoa3:hell_bubble -- aoa3.hell_bubble
aoa3:hellcat -- aoa3.hellcat
aoa3:hellfire -- aoa3.hellfire
aoa3:hellfire_tail -- aoa3.hellfire_tail
aoa3:hellquin -- aoa3.hellquin
aoa3:hellspot -- aoa3.hellspot
aoa3:hiding_fungi -- aoa3.hiding_fungi
aoa3:hill_charger -- aoa3.hill_charger
aoa3:hive_king -- aoa3.hive_king
aoa3:hive_soldier -- aoa3.hive_soldier
aoa3:hive_worker -- aoa3.hive_worker
aoa3:holly_arrow -- aoa3.holly_arrow
aoa3:holly_arrow_shot -- aoa3.holly_arrow_shot
aoa3:horndron -- aoa3.horndron
aoa3:horntail -- aoa3.horntail
aoa3:horon -- aoa3.horon
aoa3:host -- aoa3.host
aoa3:hot_shot -- aoa3.hot_shot
aoa3:hunch -- aoa3.hunch
aoa3:hunter -- aoa3.hunter
aoa3:hunter_master -- aoa3.hunter_master
aoa3:hydrolisk -- aoa3.hydrolisk
aoa3:hydrolon -- aoa3.hydrolon
aoa3:ice_giant -- aoa3.ice_giant
aoa3:ice_shot -- aoa3.ice_shot
aoa3:illusion_shot -- aoa3.illusion_shot
aoa3:infernal -- aoa3.infernal
aoa3:infusion_master -- aoa3.infusion_master
aoa3:inmate_x -- aoa3.inmate_x
aoa3:inmate_y -- aoa3.inmate_y
aoa3:innervation_master -- aoa3.innervation_master
aoa3:ion_shot -- aoa3.ion_shot
aoa3:iosaur -- aoa3.iosaur
aoa3:irkling -- aoa3.irkling
aoa3:iro_miner_shot -- aoa3.iro_miner_shot
aoa3:jawe -- aoa3.jawe
aoa3:jumbo -- aoa3.jumbo
aoa3:kaiyu -- aoa3.kaiyu
aoa3:kajaros -- aoa3.kajaros
aoa3:keeler -- aoa3.keeler
aoa3:king_bambambam -- aoa3.king_bambambam
aoa3:king_charger -- aoa3.king_charger
aoa3:king_creeper -- aoa3.king_creeper
aoa3:king_shroomus -- aoa3.king_shroomus
aoa3:klobber -- aoa3.klobber
aoa3:koko -- aoa3.koko
aoa3:kranky -- aoa3.kranky
aoa3:kror -- aoa3.kror
aoa3:laser_shot -- aoa3.laser_shot
aoa3:leafy_giant -- aoa3.leafy_giant
aoa3:lelyetian_banker -- aoa3.lelyetian_banker
aoa3:lelyetian_caster -- aoa3.lelyetian_caster
aoa3:lelyetian_lottoman -- aoa3.lelyetian_lottoman
aoa3:lelyetian_shot -- aoa3.lelyetian_shot
aoa3:lelyetian_trader -- aoa3.lelyetian_trader
aoa3:lelyetian_warrior -- aoa3.lelyetian_warrior
aoa3:light_blaster_shot -- aoa3.light_blaster_shot
aoa3:light_iron_shot -- aoa3.light_iron_shot
aoa3:light_runic_guardian_shot -- aoa3.light_runic_guardian_shot
aoa3:light_spark -- aoa3.light_spark
aoa3:lightwalker -- aoa3.lightwalker
aoa3:limonite_bullet -- aoa3.limonite_bullet
aoa3:limonite_bullet_blue -- aoa3.limonite_bullet_blue
aoa3:limonite_bullet_fire -- aoa3.limonite_bullet_fire
aoa3:limonite_bullet_green -- aoa3.limonite_bullet_green
aoa3:limonite_bullet_red -- aoa3.limonite_bullet_red
aoa3:limonite_bullet_red_heavy -- aoa3.limonite_bullet_red_heavy
aoa3:limonite_bullet_shroom -- aoa3.limonite_bullet_shroom
aoa3:limonite_bullet_sunset -- aoa3.limonite_bullet_sunset
aoa3:limonite_bullet_toxic -- aoa3.limonite_bullet_toxic
aoa3:limonite_bullet_yellow -- aoa3.limonite_bullet_yellow
aoa3:linger -- aoa3.linger
aoa3:little_bam -- aoa3.little_bam
aoa3:living_fungi -- aoa3.living_fungi
aoa3:logging_master -- aoa3.logging_master
aoa3:lollypopper -- aoa3.lollypopper
aoa3:lost_soul -- aoa3.lost_soul
aoa3:lotto_totem -- aoa3.lotto_totem
aoa3:lottoman -- aoa3.lottoman
aoa3:luna_shot -- aoa3.luna_shot
aoa3:lunar_fall -- aoa3.lunar_fall
aoa3:lunar_holly_arrow_shot -- aoa3.lunar_holly_arrow_shot
aoa3:lunar_lottoman -- aoa3.lunar_lottoman
aoa3:lunarcher -- aoa3.lunarcher
aoa3:lurker -- aoa3.lurker
aoa3:luxocron -- aoa3.luxocron
aoa3:lyonic_shot -- aoa3.lyonic_shot
aoa3:magic_ball -- aoa3.magic_ball
aoa3:magical_creeper -- aoa3.magical_creeper
aoa3:magicke -- aoa3.magicke
aoa3:magicke_shot -- aoa3.magicke_shot
aoa3:mech_fall -- aoa3.mech_fall
aoa3:mech_shot -- aoa3.mech_shot
aoa3:mecha_cyclops -- aoa3.mecha_cyclops
aoa3:mecha_skellox -- aoa3.mecha_skellox
aoa3:mechachron -- aoa3.mechachron
aoa3:mechamaton -- aoa3.mechamaton
aoa3:mechbot -- aoa3.mechbot
aoa3:mechyon -- aoa3.mechyon
aoa3:meganeuropsis -- aoa3.meganeuropsis
aoa3:merkyre -- aoa3.merkyre
aoa3:mermage -- aoa3.mermage
aoa3:metal_slug -- aoa3.metal_slug
aoa3:metalloid -- aoa3.metalloid
aoa3:meteor_fall -- aoa3.meteor_fall
aoa3:mind_blaster_shot -- aoa3.mind_blaster_shot
aoa3:mirage -- aoa3.mirage
aoa3:miskel -- aoa3.miskel
aoa3:modulo -- aoa3.modulo
aoa3:modulo_shot -- aoa3.modulo_shot
aoa3:moon_destroyer_shot -- aoa3.moon_destroyer_shot
aoa3:moon_maker -- aoa3.moon_maker
aoa3:moon_shiner_shot -- aoa3.moon_shiner_shot
aoa3:moonlight_fall -- aoa3.moonlight_fall
aoa3:mother_void_walker -- aoa3.mother_void_walker
aoa3:muckopede -- aoa3.muckopede
aoa3:muncher -- aoa3.muncher
aoa3:mushroom_spider -- aoa3.mushroom_spider
aoa3:mystic_lottoman -- aoa3.mystic_lottoman
aoa3:natura -- aoa3.natura
aoa3:naturalist -- aoa3.naturalist
aoa3:neptuno -- aoa3.neptuno
aoa3:nethengeic_beast -- aoa3.nethengeic_beast
aoa3:nethengeic_wither -- aoa3.nethengeic_wither
aoa3:nethengeic_wither_shot -- aoa3.nethengeic_wither_shot
aoa3:night_reaper -- aoa3.night_reaper
aoa3:night_watcher -- aoa3.night_watcher
aoa3:nightfly -- aoa3.nightfly
aoa3:nightmare_fall -- aoa3.nightmare_fall
aoa3:nightmare_spider -- aoa3.nightmare_spider
aoa3:nightwing -- aoa3.nightwing
aoa3:nipper -- aoa3.nipper
aoa3:nospike -- aoa3.nospike
aoa3:noxious_shot -- aoa3.noxious_shot
aoa3:occulent -- aoa3.occulent
aoa3:occult_block -- aoa3.occult_block
aoa3:odious_shot -- aoa3.odious_shot
aoa3:okazor -- aoa3.okazor
aoa3:omnilight -- aoa3.omnilight
aoa3:omnilight_shot -- aoa3.omnilight_shot
aoa3:opteryx -- aoa3.opteryx
aoa3:orange_flower -- aoa3.orange_flower
aoa3:orbiter -- aoa3.orbiter
aoa3:orbling -- aoa3.orbling
aoa3:orbocron_shot -- aoa3.orbocron_shot
aoa3:oxygen_tablet -- aoa3.oxygen_tablet
aoa3:paladin -- aoa3.paladin
aoa3:paralyzer_shot -- aoa3.paralyzer_shot
aoa3:parasect -- aoa3.parasect
aoa3:paravite -- aoa3.paravite
aoa3:party_popper_shot -- aoa3.party_popper_shot
aoa3:penguin -- aoa3.penguin
aoa3:penumbra -- aoa3.penumbra
aoa3:penumbra_shot -- aoa3.penumbra_shot
aoa3:peppermint_snail -- aoa3.peppermint_snail
aoa3:phantom -- aoa3.phantom
aoa3:phantom_shot -- aoa3.phantom_shot
aoa3:pigotron -- aoa3.pigotron
aoa3:pincher -- aoa3.pincher
aoa3:plateosaur -- aoa3.plateosaur
aoa3:pod_plant -- aoa3.pod_plant
aoa3:poison_plunger_shot -- aoa3.poison_plunger_shot
aoa3:poison_shot -- aoa3.poison_shot
aoa3:polar_ursa -- aoa3.polar_ursa
aoa3:polymorph_shot -- aoa3.polymorph_shot
aoa3:polytom -- aoa3.polytom
aoa3:polytom_shot -- aoa3.polytom_shot
aoa3:pop_shot -- aoa3.pop_shot
aoa3:portal_master -- aoa3.portal_master
aoa3:power_ray -- aoa3.power_ray
aoa3:power_shot -- aoa3.power_shot
aoa3:precasian_lottoman -- aoa3.precasian_lottoman
aoa3:pressure_tablet -- aoa3.pressure_tablet
aoa3:primitive_carrotop -- aoa3.primitive_carrotop
aoa3:primordial_banker -- aoa3.primordial_banker
aoa3:primordial_guide -- aoa3.primordial_guide
aoa3:primordial_merchant -- aoa3.primordial_merchant
aoa3:primordial_shot -- aoa3.primordial_shot
aoa3:primordial_spellbinder -- aoa3.primordial_spellbinder
aoa3:primordial_wizard -- aoa3.primordial_wizard
aoa3:professor -- aoa3.professor
aoa3:proficiency_tablet -- aoa3.proficiency_tablet
aoa3:proshield -- aoa3.proshield
aoa3:proton_shot -- aoa3.proton_shot
aoa3:purple_flower -- aoa3.purple_flower
aoa3:quickpocket -- aoa3.quickpocket
aoa3:radiant_pixon -- aoa3.radiant_pixon
aoa3:rainbow_shot -- aoa3.rainbow_shot
aoa3:rainicorn -- aoa3.rainicorn
aoa3:rammerhead -- aoa3.rammerhead
aoa3:rammerhorn -- aoa3.rammerhorn
aoa3:ramradon -- aoa3.ramradon
aoa3:rawbone -- aoa3.rawbone
aoa3:raxxan -- aoa3.raxxan
aoa3:realmshifter -- aoa3.realmshifter
aoa3:reaper_twins -- aoa3.reaper_twins
aoa3:reaver -- aoa3.reaver
aoa3:red_guardian -- aoa3.red_guardian
aoa3:red_guardian_shot -- aoa3.red_guardian_shot
aoa3:red_rune_templar -- aoa3.red_rune_templar
aoa3:red_runic_lifeform -- aoa3.red_runic_lifeform
aoa3:reefer_shot -- aoa3.reefer_shot
aoa3:refluct -- aoa3.refluct
aoa3:resistance_tablet -- aoa3.resistance_tablet
aoa3:revolution_shot -- aoa3.revolution_shot
aoa3:rock_crawler -- aoa3.rock_crawler
aoa3:rock_critter -- aoa3.rock_critter
aoa3:rock_fragment -- aoa3.rock_fragment
aoa3:rock_fragment_fungal -- aoa3.rock_fragment_fungal
aoa3:rock_rider -- aoa3.rock_rider
aoa3:rockbiter -- aoa3.rockbiter
aoa3:rocky_lottoman -- aoa3.rocky_lottoman
aoa3:roloscope -- aoa3.roloscope
aoa3:rosid -- aoa3.rosid
aoa3:rosidian_shot -- aoa3.rosidian_shot
aoa3:runation_master -- aoa3.runation_master
aoa3:runic_bomb -- aoa3.runic_bomb
aoa3:runic_golem -- aoa3.runic_golem
aoa3:runic_guardian -- aoa3.runic_guardian
aoa3:runic_guardian_shot -- aoa3.runic_guardian_shot
aoa3:runic_lottoman -- aoa3.runic_lottoman
aoa3:runicorn -- aoa3.runicorn
aoa3:runicorn_rider -- aoa3.runicorn_rider
aoa3:sabretooth -- aoa3.sabretooth
aoa3:sanctity_tablet -- aoa3.sanctity_tablet
aoa3:sand_giant -- aoa3.sand_giant
aoa3:sand_golem -- aoa3.sand_golem
aoa3:sasquatch -- aoa3.sasquatch
aoa3:satiation_tablet -- aoa3.satiation_tablet
aoa3:scrubby -- aoa3.scrubby
aoa3:sea_charger -- aoa3.sea_charger
aoa3:sea_skeleton -- aoa3.sea_skeleton
aoa3:sea_spider -- aoa3.sea_spider
aoa3:sea_troll -- aoa3.sea_troll
aoa3:sea_viper -- aoa3.sea_viper
aoa3:seaocron_shot -- aoa3.seaocron_shot
aoa3:seed_dart -- aoa3.seed_dart
aoa3:seeker -- aoa3.seeker
aoa3:shaddy -- aoa3.shaddy
aoa3:shade -- aoa3.shade
aoa3:shadow -- aoa3.shadow
aoa3:shadow_stalker -- aoa3.shadow_stalker
aoa3:shadowlord -- aoa3.shadowlord
aoa3:shadowlord_shot -- aoa3.shadowlord_shot
aoa3:shavo -- aoa3.shavo
aoa3:shifter -- aoa3.shifter
aoa3:shik -- aoa3.shik
aoa3:shining_pixon -- aoa3.shining_pixon
aoa3:shoe_shot -- aoa3.shoe_shot
aoa3:shower_shot -- aoa3.shower_shot
aoa3:shyre_archer -- aoa3.shyre_archer
aoa3:shyre_banker -- aoa3.shyre_banker
aoa3:shyre_beam -- aoa3.shyre_beam
aoa3:shyre_knight -- aoa3.shyre_knight
aoa3:shyre_shot -- aoa3.shyre_shot
aoa3:shyre_troll -- aoa3.shyre_troll
aoa3:shyrelands_lottoman -- aoa3.shyrelands_lottoman
aoa3:sight_tablet -- aoa3.sight_tablet
aoa3:silencer -- aoa3.silencer
aoa3:silverfoot -- aoa3.silverfoot
aoa3:skele_elder -- aoa3.skele_elder
aoa3:skele_hopper -- aoa3.skele_hopper
aoa3:skele_pig -- aoa3.skele_pig
aoa3:skeledon -- aoa3.skeledon
aoa3:skelekyte -- aoa3.skelekyte
aoa3:skeleman -- aoa3.skeleman
aoa3:skeletal_cowman -- aoa3.skeletal_cowman
aoa3:skeletron -- aoa3.skeletron
aoa3:skellox -- aoa3.skellox
aoa3:skipper -- aoa3.skipper
aoa3:skolle -- aoa3.skolle
aoa3:skull_creature -- aoa3.skull_creature
aoa3:skullo_shot -- aoa3.skullo_shot
aoa3:sky_shot -- aoa3.sky_shot
aoa3:slice_star -- aoa3.slice_star
aoa3:slimer -- aoa3.slimer
aoa3:smash -- aoa3.smash
aoa3:snappy -- aoa3.snappy
aoa3:sniper_slug -- aoa3.sniper_slug
aoa3:snow_charger -- aoa3.snow_charger
aoa3:soul_drainer_shot -- aoa3.soul_drainer_shot
aoa3:soul_spark -- aoa3.soul_spark
aoa3:soul_storm_shot -- aoa3.soul_storm_shot
aoa3:soulscorne -- aoa3.soulscorne
aoa3:soulvyre -- aoa3.soulvyre
aoa3:spearmint_snail -- aoa3.spearmint_snail
aoa3:spectral_holly_arrow -- aoa3.spectral_holly_arrow
aoa3:spectral_shot -- aoa3.spectral_shot
aoa3:spectral_wizard -- aoa3.spectral_wizard
aoa3:sphinx -- aoa3.sphinx
aoa3:spikeback -- aoa3.spikeback
aoa3:spinoledon -- aoa3.spinoledon
aoa3:spinux -- aoa3.spinux
aoa3:spirit_guardian -- aoa3.spirit_guardian
aoa3:spirit_protector -- aoa3.spirit_protector
aoa3:spiritual_shot -- aoa3.spiritual_shot
aoa3:spraggy -- aoa3.spraggy
aoa3:squasher -- aoa3.squasher
aoa3:squiggler -- aoa3.squiggler
aoa3:stalker -- aoa3.stalker
aoa3:stalker_prime -- aoa3.stalker_prime
aoa3:sticky -- aoa3.sticky
aoa3:stimulo -- aoa3.stimulo
aoa3:stimulosus -- aoa3.stimulosus
aoa3:stinger -- aoa3.stinger
aoa3:stitches -- aoa3.stitches
aoa3:stone_giant -- aoa3.stone_giant
aoa3:store_keeper -- aoa3.store_keeper
aoa3:strength_tablet -- aoa3.strength_tablet
aoa3:strong_skele_hopper -- aoa3.strong_skele_hopper
aoa3:strong_skele_pig -- aoa3.strong_skele_pig
aoa3:strong_skeleman -- aoa3.strong_skeleman
aoa3:sugarface -- aoa3.sugarface
aoa3:sun_shot -- aoa3.sun_shot
aoa3:sunny -- aoa3.sunny
aoa3:surveyor -- aoa3.surveyor
aoa3:swamp_charger -- aoa3.swamp_charger
aoa3:swarm_shot -- aoa3.swarm_shot
aoa3:sysker -- aoa3.sysker
aoa3:tangle_fall -- aoa3.tangle_fall
aoa3:terradon -- aoa3.terradon
aoa3:terrestrial -- aoa3.terrestrial
aoa3:terror_construct_shot -- aoa3.terror_construct_shot
aoa3:tharafly -- aoa3.tharafly
aoa3:tidal_wave -- aoa3.tidal_wave
aoa3:tipped_holly_arrow -- aoa3.tipped_holly_arrow
aoa3:tipsy -- aoa3.tipsy
aoa3:token_collector -- aoa3.token_collector
aoa3:tortione -- aoa3.tortione
aoa3:toxic_lottoman -- aoa3.toxic_lottoman
aoa3:toxic_shot -- aoa3.toxic_shot
aoa3:toxxulous -- aoa3.toxxulous
aoa3:toy_merchant -- aoa3.toy_merchant
aoa3:tracker -- aoa3.tracker
aoa3:tree_spirit -- aoa3.tree_spirit
aoa3:tri_discharge_shot -- aoa3.tri_discharge_shot
aoa3:trickster -- aoa3.trickster
aoa3:trickster_clone -- aoa3.trickster_clone
aoa3:triclops -- aoa3.triclops
aoa3:troll_trader -- aoa3.troll_trader
aoa3:trotter -- aoa3.trotter
aoa3:twinkling_lottoman -- aoa3.twinkling_lottoman
aoa3:tyrosaur -- aoa3.tyrosaur
aoa3:ultimatum_shot -- aoa3.ultimatum_shot
aoa3:undead_herald -- aoa3.undead_herald
aoa3:undead_troll -- aoa3.undead_troll
aoa3:untiring_tablet -- aoa3.untiring_tablet
aoa3:urioh -- aoa3.urioh
aoa3:urka -- aoa3.urka
aoa3:urv -- aoa3.urv
aoa3:valkyrie -- aoa3.valkyrie
aoa3:valkyrie_shot -- aoa3.valkyrie_shot
aoa3:vertebron -- aoa3.vertebron
aoa3:vine_wizard -- aoa3.vine_wizard
aoa3:vine_wizard_shot -- aoa3.vine_wizard_shot
aoa3:vinocorne -- aoa3.vinocorne
aoa3:visage -- aoa3.visage
aoa3:visualent -- aoa3.visualent
aoa3:visular -- aoa3.visular
aoa3:visulon -- aoa3.visulon
aoa3:vitality_tablet -- aoa3.vitality_tablet
aoa3:void_charger -- aoa3.void_charger
aoa3:void_walker -- aoa3.void_walker
aoa3:volar -- aoa3.volar
aoa3:volar_shot -- aoa3.volar_shot
aoa3:voliant -- aoa3.voliant
aoa3:voltron -- aoa3.voltron
aoa3:vortex_blast -- aoa3.vortex_blast
aoa3:voxxulon -- aoa3.voxxulon
aoa3:voxxulon_meteor -- aoa3.voxxulon_meteor
aoa3:vulkram -- aoa3.vulkram
aoa3:waggy -- aoa3.waggy
aoa3:walker -- aoa3.walker
aoa3:warclops -- aoa3.warclops
aoa3:wart_dart -- aoa3.wart_dart
aoa3:water_shot -- aoa3.water_shot
aoa3:web_reaper -- aoa3.web_reaper
aoa3:weighted_shower_shot -- aoa3.weighted_shower_shot
aoa3:white_ball -- aoa3.white_ball
aoa3:wickett -- aoa3.wickett
aoa3:winder_shot -- aoa3.winder_shot
aoa3:winged_creeper -- aoa3.winged_creeper
aoa3:wither_ball -- aoa3.wither_ball
aoa3:wither_shot -- aoa3.wither_shot
aoa3:wither_wizard -- aoa3.wither_wizard
aoa3:withering_lottoman -- aoa3.withering_lottoman
aoa3:wood_giant -- aoa3.wood_giant
aoa3:wrath_shot -- aoa3.wrath_shot
aoa3:xxeus -- aoa3.xxeus
aoa3:yellow_flower -- aoa3.yellow_flower
aoa3:yellow_guardian -- aoa3.yellow_guardian
aoa3:yellow_guardian_shot -- aoa3.yellow_guardian_shot
aoa3:yellow_rune_templar -- aoa3.yellow_rune_templar
aoa3:yellow_runic_lifeform -- aoa3.yellow_runic_lifeform
aoa3:yeti -- aoa3.yeti
aoa3:zal_banker -- aoa3.zal_banker
aoa3:zal_child -- aoa3.zal_child
aoa3:zal_citizen -- aoa3.zal_citizen
aoa3:zal_grocer -- aoa3.zal_grocer
aoa3:zal_herbalist -- aoa3.zal_herbalist
aoa3:zal_spellbinder -- aoa3.zal_spellbinder
aoa3:zal_vendor -- aoa3.zal_vendor
aoa3:zarg -- aoa3.zarg
aoa3:zhinx -- aoa3.zhinx
aoa3:zorp -- aoa3.zorp
appliedenergistics2:appeng.entity.entitychargedquartz -- EntityChargedQuartz
appliedenergistics2:appeng.entity.entitygrowingcrystal -- EntityGrowingCrystal
appliedenergistics2:appeng.entity.entitysingularity -- EntitySingularity
appliedenergistics2:appeng.entity.entitytinytntprimed -- EntityTinyTNTPrimed
arcane_essentials:blockspawner -- arcane_essentials:blockspawner
arcane_essentials:cyclonebolt -- arcane_essentials:cyclonebolt
arcane_essentials:cyloneshield -- arcane_essentials:cyloneshield
arcane_essentials:fireball -- arcane_essentials:fireball
arcane_essentials:flamepillar -- arcane_essentials:flamepillar
arcane_essentials:flamepillarspawner -- arcane_essentials:flamepillarspawner
arcane_essentials:flameslash -- arcane_essentials:flameslash
arcane_essentials:floatingblock -- arcane_essentials:floatingblock
arcane_essentials:lightningspawner -- arcane_essentials:lightningspawner
arcane_essentials:lightningvortex -- arcane_essentials:lightningvortex
arcane_essentials:magicbolt -- arcane_essentials:magicbolt
arcane_essentials:magicconstruct -- arcane_essentials:magicconstruct
arcane_essentials:magiclightning -- arcane_essentials:magiclightning
arcane_essentials:magicspawner -- arcane_essentials:magicspawner
arcane_essentials:saintesssun -- arcane_essentials:saintesssun
arcane_essentials:solarbeam -- arcane_essentials:solarbeam
arcane_essentials:thunderburst -- arcane_essentials:thunderburst
arcane_essentials:waterball -- arcane_essentials:waterball
arcane_essentials:whirlpool -- arcane_essentials:whirlpool
astralsorcery:entitycrystal -- EntityCrystal
astralsorcery:entitycrystaltool -- EntityCrystalTool
astralsorcery:entityflare -- EntityFlare
astralsorcery:entitygrapplinghook -- EntityGrapplingHook
astralsorcery:entityhighlighted -- EntityHighlighted
astralsorcery:entityilluminationspark -- EntityIlluminationSpark
astralsorcery:entityitemdamageresistant -- EntityItemDamageResistant
astralsorcery:entityliquidspark -- EntityLiquidSpark
astralsorcery:entitynocturnalspark -- EntityNocturnalSpark
astralsorcery:entityobservatoryhelper -- EntityObservatoryHelper
astralsorcery:entityshootingstar -- EntityShootingStar
astralsorcery:entityspectraltool -- EntitySpectralTool
astralsorcery:entitystarburst -- EntityStarBurst
astralsorcery:entitystardust -- EntityStardust
avaritia:endest_pearl -- EndestPearl
avaritia:gaping_void -- GapingVoid
avaritia:heaven_arrow -- HeavenArrow
avaritia:heaven_sub_arrow -- HeavenSubArrow
bewitchment:bafometyr -- bewitchment.bafometyr
bewitchment:baphomet -- bewitchment.baphomet
bewitchment:black_dog -- bewitchment.black_dog
bewitchment:cambion -- bewitchment.cambion
bewitchment:cleaver -- bewitchment.cleaver
bewitchment:cypress_broom -- bewitchment.cypress_broom
bewitchment:demon -- bewitchment.demon
bewitchment:demoness -- bewitchment.demoness
bewitchment:dragons_blood_broom -- bewitchment.dragons_blood_broom
bewitchment:druden -- bewitchment.druden
bewitchment:elder_broom -- bewitchment.elder_broom
bewitchment:feuerwurm -- bewitchment.feuerwurm
bewitchment:ghost -- bewitchment.ghost
bewitchment:hellhound -- bewitchment.hellhound
bewitchment:imp -- bewitchment.imp
bewitchment:juniper_broom -- bewitchment.juniper_broom
bewitchment:leonard -- bewitchment.leonard
bewitchment:lizard -- bewitchment.lizard
bewitchment:owl -- bewitchment.owl
bewitchment:raven -- bewitchment.raven
bewitchment:shadow_person -- bewitchment.shadow_person
bewitchment:silver_arrow -- bewitchment.silver_arrow
bewitchment:snake -- bewitchment.snake
bewitchment:toad -- bewitchment.toad
bewitchment:werewolf -- bewitchment.werewolf
bibliocraft:biblioseat -- SeatEntity
biomesoplenty:bop_boat -- bop_boat
biomesoplenty:mudball -- mudball
biomesoplenty:wasp -- wasp
bloodarsenal:summoned_tool -- summoned_tool
bloodarsenal:warp_blade -- warp_blade
bloodmagic:blood_light -- blood_light
bloodmagic:corrupted_chicken -- corrupted_chicken
bloodmagic:corrupted_sheep -- corrupted_sheep
bloodmagic:corrupted_spider -- corrupted_spider
bloodmagic:corrupted_zombie -- corrupted_zombie
bloodmagic:meteor -- meteor
bloodmagic:mimic -- mimic
bloodmagic:sentient_specter -- sentient_specter
bloodmagic:soul_arrow -- sentient_arrow
bloodmagic:soul_snare -- soul_snare
botania:babylon_weapon -- botania:babylonWeapon
botania:corporea_spark -- botania:corporeaSpark
botania:doppleganger -- botania:doppleganger
botania:ender_air_bottle -- botania:enderAirBottle
botania:falling_star -- botania:fallingStar
botania:flame_ring -- botania:flameRing
botania:magic_landmine -- botania:magicLandmine
botania:magic_missile -- botania:magicMissile
botania:mana_burst -- botania:manaBurst
botania:mana_storm -- botania:manaStorm
botania:pink_wither -- botania:pinkWither
botania:pixie -- botania:pixie
botania:player_mover -- botania:playerMover
botania:pool_minecart -- botania:poolMinecart
botania:signal_flare -- botania:signalFlare
botania:spark -- botania:spark
botania:thorn_chakram -- botania:thornChakram
botania:thrown_item -- botania:thrownItem
botania:vine_ball -- botania:vineBall
buildinggadgets:blockbuildentity -- LaserGunEntity
buildinggadgets:constructionblockentity -- ConstructionBlockEntity
careerbees:beeswarm -- beeswarm
careerbees:entitychunkdata -- entitychunkdata
champions:arctic_spark -- champions.arctic_spark
champions:cinder_spark -- champions.cinder_spark
champions:entity_jail -- champions.entity_jail
chickens:chickenschicken -- chickenschicken
chickens:thown_egg -- chickenschicken
computercraft:turtle_player -- turtle_player
cyclicmagic:blazebolt -- cyclicmagic.blazebolt
cyclicmagic:boomerang -- cyclicmagic.boomerang
cyclicmagic:dungeonbolt -- cyclicmagic.dungeonbolt
cyclicmagic:ender_eye_orb -- cyclicmagic.ender_eye_orb
cyclicmagic:firecannon -- firecannon
cyclicmagic:fishingbolt -- cyclicmagic.fishingbolt
cyclicmagic:frostbolt -- cyclicmagic.frostbolt
cyclicmagic:lightningbolt -- cyclicmagic.lightningbolt
cyclicmagic:magic_missile -- cyclicmagic.magic_missile
cyclicmagic:magicnetempty -- cyclicmagic.magicnetempty
cyclicmagic:magicnetfull -- cyclicmagic.magicnetfull
cyclicmagic:robot -- cyclicmagic_robot
cyclicmagic:slingshot_bullet -- cyclicmagic.slingshot_bullet
cyclicmagic:tntblocksafebolt -- cyclicmagic.tntblocksafebolt
cyclicmagic:tntbolt -- cyclicmagic.tntbolt
cyclicmagic:tntminingbolt -- cyclicmagic.tntminingbolt
cyclicmagic:torchbolt -- cyclicmagic.torchbolt
cyclicmagic:woolbolt -- cyclicmagic.woolbolt
deepmoblearning:glitch -- deepmoblearning.glitch
deepmoblearning:glitch_orb -- deepmoblearning.glitch_orb
deepmoblearning:item_glitch_fragment -- item_glitch_fragment
deepmoblearning:trial_cave_spider -- deepmoblearning.trial_cave_spider
deepmoblearning:trial_enderman -- deepmoblearning.trial_enderman
deepmoblearning:trial_slime -- deepmoblearning.trial_slime
deepmoblearning:trial_spider -- deepmoblearning.trial_spider
dimdoors:mob_monolith -- mob_monolith
divinerpg:acid_hag -- divinerpg.acid_hag
divinerpg:advanced_cori -- divinerpg.advanced_cori
divinerpg:alicanto -- divinerpg.alicanto
divinerpg:ancient_entity -- divinerpg.ancient_entity
divinerpg:angry_bunny -- divinerpg.angry_bunny
divinerpg:apalachia_cadillion -- divinerpg.apalachia_cadillion
divinerpg:apalachia_golem -- divinerpg.apalachia_golem
divinerpg:apalachia_tomo -- divinerpg.apalachia_tomo
divinerpg:arid_warrior -- divinerpg.arid_warrior
divinerpg:arrow_shot -- divinerpg.arrow_shot
divinerpg:attractor -- divinerpg.attractor
divinerpg:ayeraco_blue -- divinerpg.ayeraco_blue
divinerpg:ayeraco_green -- divinerpg.ayeraco_green
divinerpg:ayeraco_purple -- divinerpg.ayeraco_purple
divinerpg:ayeraco_red -- divinerpg.ayeraco_red
divinerpg:ayeraco_yellow -- divinerpg.ayeraco_yellow
divinerpg:basilisk -- divinerpg.basilisk
divinerpg:behemoth -- divinerpg.behemoth
divinerpg:biphron -- divinerpg.biphron
divinerpg:bohemite -- divinerpg.bohemite
divinerpg:bouncing_projectile -- divinerpg.bouncing_projectile
divinerpg:brown_grizzle -- divinerpg.brown_grizzle
divinerpg:bunny -- divinerpg.bunny
divinerpg:captain_merik -- divinerpg.captain_merik
divinerpg:cave_crawler -- divinerpg.cave_crawler
divinerpg:cave_rock -- divinerpg.cave_rock
divinerpg:caveclops -- divinerpg.caveclops
divinerpg:colored_bullet -- divinerpg.colored_bullet
divinerpg:cori_shot -- divinerpg.cori_shot
divinerpg:corrupted_bullet -- divinerpg.corrupted_bullet
divinerpg:crab -- divinerpg.crab
divinerpg:crypt_keeper -- divinerpg.crypt_keeper
divinerpg:cyclops -- divinerpg.cyclops
divinerpg:cymesoid -- divinerpg.cymesoid
divinerpg:datticon -- divinerpg.datticon
divinerpg:death_hound -- divinerpg.death_hound
divinerpg:deathcryx -- divinerpg.deathcryx
divinerpg:demon_of_darkness -- divinerpg.demon_of_darkness
divinerpg:densos -- divinerpg.densos
divinerpg:desert_crawler -- divinerpg.desert_crawler
divinerpg:disk -- divinerpg.disk
divinerpg:dissiment -- divinerpg.dissiment
divinerpg:dissiment_shot -- divinerpg.dissiment_shot
divinerpg:dramix -- divinerpg.dramix
divinerpg:dreamwrecker -- divinerpg.dreamwrecker
divinerpg:dungeon_constructor -- divinerpg.dungeon_constructor
divinerpg:dungeon_demon -- divinerpg.dungeon_demon
divinerpg:dungeon_prisoner -- divinerpg.dungeon_prisoner
divinerpg:duo -- divinerpg.duo
divinerpg:eden_cadillion -- divinerpg.eden_cadillion
divinerpg:eden_tomo -- divinerpg.eden_tomo
divinerpg:ehu -- divinerpg.ehu
divinerpg:enchanted_archer -- divinerpg.enchanted_archer
divinerpg:enchanted_warrior -- divinerpg.enchanted_warrior
divinerpg:ender_spider -- divinerpg.ender_spider
divinerpg:ender_triplets -- divinerpg.ender_triplets
divinerpg:ender_triplets_fireball -- divinerpg.ender_triplets_fireball
divinerpg:ender_watcher -- divinerpg.ender_watcher
divinerpg:ent -- divinerpg.ent
divinerpg:enthralled_dramcryx -- divinerpg.enthralled_dramcryx
divinerpg:epiphite -- divinerpg.epiphite
divinerpg:eternal_archer -- divinerpg.eternal_archer
divinerpg:experienced_cori -- divinerpg.experienced_cori
divinerpg:fake_vhraak -- divinerpg.fake_vhraak
divinerpg:firefly -- divinerpg.firefly
divinerpg:fractite -- divinerpg.fractite
divinerpg:fractite_shot -- divinerpg.fractite_shot
divinerpg:frost -- divinerpg.frost
divinerpg:frost_archer -- divinerpg.frost_archer
divinerpg:frost_cloud -- divinerpg.frost_cloud
divinerpg:frost_shot -- divinerpg.frost_shot
divinerpg:frosty -- divinerpg.frosty
divinerpg:fyracryx -- divinerpg.fyracryx
divinerpg:fyracryx_fireball -- divinerpg.fyracryx_fireball
divinerpg:galroid -- divinerpg.galroid
divinerpg:generals_staff -- divinerpg.generals_staff
divinerpg:glacide -- divinerpg.glacide
divinerpg:glacon -- divinerpg.glacon
divinerpg:golem_of_rejuvenation -- divinerpg.golem_of_rejuvenation
divinerpg:gorgosion -- divinerpg.gorgosion
divinerpg:greenfeet -- divinerpg.greenfeet
divinerpg:grenade -- divinerpg.grenade
divinerpg:hastreus -- divinerpg.hastreus
divinerpg:helio -- divinerpg.helio
divinerpg:hell_pig -- divinerpg.hell_pig
divinerpg:hell_spider -- divinerpg.hell_spider
divinerpg:hive_queen -- divinerpg.hive_queen
divinerpg:hive_soldier -- divinerpg.hive_soldier
divinerpg:hover_stinger -- divinerpg.hover_stinger
divinerpg:husk -- divinerpg.husk
divinerpg:jack_o_man -- divinerpg.jack_o_man
divinerpg:jungle_bat -- divinerpg.jungle_bat
divinerpg:jungle_dramcryx -- divinerpg.jungle_dramcryx
divinerpg:jungle_spider -- divinerpg.jungle_spider
divinerpg:karos -- divinerpg.karos
divinerpg:karot -- divinerpg.karot
divinerpg:kazari -- divinerpg.kazari
divinerpg:kazrotic -- divinerpg.kazrotic
divinerpg:kazrotic_shot -- divinerpg.kazrotic_shot
divinerpg:king_crab -- divinerpg.king_crab
divinerpg:king_of_scorchers -- divinerpg.king_of_scorchers
divinerpg:king_of_scorchers_meteor -- divinerpg.king_of_scorchers_meteor
divinerpg:king_of_scorchers_shot -- divinerpg.king_of_scorchers_shot
divinerpg:kobblin -- divinerpg.kobblin
divinerpg:lady_luna -- divinerpg.lady_luna
divinerpg:lady_luna_sparkler -- divinerpg.lady_luna_sparkler
divinerpg:leorna -- divinerpg.leorna
divinerpg:lheiva -- divinerpg.lheiva
divinerpg:liopleurodon -- divinerpg.liopleurodon
divinerpg:livestock_merchant -- divinerpg.livestock_merchant
divinerpg:living_statue -- divinerpg.living_statue
divinerpg:lord_vatticus -- divinerpg.lord_vatticus
divinerpg:lorga -- divinerpg.lorga
divinerpg:lorga_flight -- divinerpg.lorga_flight
divinerpg:madivel -- divinerpg.madivel
divinerpg:mage -- divinerpg.mage
divinerpg:mandragora -- divinerpg.mandragora
divinerpg:mandragora_projectile -- divinerpg.mandragora_projectile
divinerpg:megalith -- divinerpg.megalith
divinerpg:meriks_missile -- divinerpg.meriks_missile
divinerpg:meteor -- divinerpg.meteor
divinerpg:miner -- divinerpg.miner
divinerpg:moon_wolf -- divinerpg.moon_wolf
divinerpg:mortum_cadillion -- divinerpg.mortum_cadillion
divinerpg:mysterious_man_layer_1 -- divinerpg.mysterious_man_layer_1
divinerpg:mysterious_man_layer_2 -- divinerpg.mysterious_man_layer_2
divinerpg:mysterious_man_layer_3 -- divinerpg.mysterious_man_layer_3
divinerpg:mystic -- divinerpg.mystic
divinerpg:parasecta -- divinerpg.parasecta
divinerpg:paratiku -- divinerpg.paratiku
divinerpg:particle_bullet -- divinerpg.particle_bullet
divinerpg:pumpkin_spider -- divinerpg.pumpkin_spider
divinerpg:quadro -- divinerpg.quadro
divinerpg:raglok -- divinerpg.raglok
divinerpg:raglok_bomb -- divinerpg.raglok_bomb
divinerpg:rainbour -- divinerpg.rainbour
divinerpg:razorback -- divinerpg.razorback
divinerpg:reflector -- divinerpg.reflector
divinerpg:reyvor -- divinerpg.reyvor
divinerpg:roamer -- divinerpg.roamer
divinerpg:rollum -- divinerpg.rollum
divinerpg:rotatick -- divinerpg.rotatick
divinerpg:saguaro_worm -- divinerpg.saguaro_worm
divinerpg:saguaro_worm_shot -- divinerpg.saguaro_worm_shot
divinerpg:samek -- divinerpg.samek
divinerpg:scorcher -- divinerpg.scorcher
divinerpg:scorcher_shot -- divinerpg.scorcher_shot
divinerpg:seimer -- divinerpg.seimer
divinerpg:serenade_of_death -- divinerpg.serenade_of_death
divinerpg:serenade_of_ice -- divinerpg.serenade_of_ice
divinerpg:shadahier -- divinerpg.shadahier
divinerpg:shark -- divinerpg.shark
divinerpg:shooter_bullet -- divinerpg.shooter_bullet
divinerpg:shuriken -- divinerpg.shuriken
divinerpg:skythern_archer -- divinerpg.skythern_archer
divinerpg:skythern_fiend -- divinerpg.skythern_fiend
divinerpg:skythern_golem -- divinerpg.skythern_golem
divinerpg:smelter -- divinerpg.smelter
divinerpg:snapper -- divinerpg.snapper
divinerpg:snowflake_shuriken -- divinerpg.snowflake_shuriken
divinerpg:sorcerer -- divinerpg.sorcerer
divinerpg:soul_fiend -- divinerpg.soul_fiend
divinerpg:soul_fiend_shot -- divinerpg.soul_fiend_shot
divinerpg:soul_spider -- divinerpg.soul_spider
divinerpg:soul_stealer -- divinerpg.soul_stealer
divinerpg:sound_of_carols -- divinerpg.sound_of_carols
divinerpg:sound_of_music -- divinerpg.sound_of_music
divinerpg:sparkler -- divinerpg.sparkler
divinerpg:spellbinder -- divinerpg.spellbinder
divinerpg:star -- divinerpg.star
divinerpg:stone_golem -- divinerpg.stone_golem
divinerpg:sun_archer -- divinerpg.sun_archer
divinerpg:sunstorm -- divinerpg.sunstorm
divinerpg:temple_guardian -- divinerpg.temple_guardian
divinerpg:termasect -- divinerpg.termasect
divinerpg:termid -- divinerpg.termid
divinerpg:the_eye -- divinerpg.the_eye
divinerpg:the_grue -- divinerpg.the_grue
divinerpg:the_hunger -- divinerpg.the_hunger
divinerpg:the_watcher -- divinerpg.the_watcher
divinerpg:tocaxin -- divinerpg.tocaxin
divinerpg:twilight_archer -- divinerpg.twilight_archer
divinerpg:twilight_demon -- divinerpg.twilight_demon
divinerpg:twilight_demon_shot -- divinerpg.twilight_demon_shot
divinerpg:twilight_mage_shot -- divinerpg.twilight_mage_shot
divinerpg:twins -- divinerpg.twins
divinerpg:vamacheron -- divinerpg.vamacheron
divinerpg:verek -- divinerpg.verek
divinerpg:vermenous -- divinerpg.vermenous
divinerpg:vhraak -- divinerpg.vhraak
divinerpg:vile_storm -- divinerpg.vile_storm
divinerpg:war_general -- divinerpg.war_general
divinerpg:watcher_shot -- divinerpg.watcher_shot
divinerpg:weak_cori -- divinerpg.weak_cori
divinerpg:whale -- divinerpg.whale
divinerpg:white_grizzle -- divinerpg.white_grizzle
divinerpg:wildfire -- divinerpg.wildfire
divinerpg:wildwood_cadillion -- divinerpg.wildwood_cadillion
divinerpg:wildwood_golem -- divinerpg.wildwood_golem
divinerpg:wildwood_log -- divinerpg.wildwood_log
divinerpg:wildwood_tomo -- divinerpg.wildwood_tomo
divinerpg:workshop_merchant -- divinerpg.workshop_merchant
divinerpg:workshop_tinkerer -- divinerpg.workshop_tinkerer
divinerpg:wraith -- divinerpg.wraith
divinerpg:wreck -- divinerpg.wreck
divinerpg:wreck_bouncing_projectile -- divinerpg.wreck_bouncing_projectile
divinerpg:wreck_explosive_shot -- divinerpg.wreck_explosive_shot
divinerpg:wreck_shot -- divinerpg.wreck_shot
divinerpg:zelus -- divinerpg.zelus
divinerpg:zone -- divinerpg.zone
divinerpg:zoragon -- divinerpg.zoragon
divinerpg:zoragon_bomb -- divinerpg.zoragon_bomb
draconicevolution:chaosguardian -- draconicevolution:ChaosGuardian
draconicevolution:customarrow -- draconicevolution:CustomArrow
draconicevolution:dragonheartitem -- draconicevolution:DragonHeartItem
draconicevolution:enderenergymanipulator -- draconicevolution:EnderEnergyManipulator
draconicevolution:entitychaosenergyvortex -- draconicevolution:EntityChaosEnergyVortex
draconicevolution:guardiancrystal -- draconicevolution:GuardianCrystal
draconicevolution:guardianprojectile -- draconicevolution:GuardianProjectile
draconicevolution:lootcore -- draconicevolution:LootCore
draconicevolution:persistentitem -- draconicevolution:PersistentItem
ebwizardry:arrow_rain -- ebwizardry:arrow_rain
ebwizardry:black_hole -- ebwizardry:black_hole
ebwizardry:blaze_minion -- ebwizardry:blaze_minion
ebwizardry:blizzard -- ebwizardry:blizzard
ebwizardry:boulder -- ebwizardry:boulder
ebwizardry:bubble -- ebwizardry:bubble
ebwizardry:combustion_rune -- ebwizardry:combustion_rune
ebwizardry:conjured_arrow -- ebwizardry:conjured_arrow
ebwizardry:darkness_orb -- ebwizardry:darkness_orb
ebwizardry:dart -- ebwizardry:dart
ebwizardry:decay -- ebwizardry:decay
ebwizardry:decoy -- ebwizardry:decoy
ebwizardry:earthquake -- ebwizardry:earthquake
ebwizardry:ember -- ebwizardry:ember
ebwizardry:evil_wizard -- ebwizardry:evil_wizard
ebwizardry:fire_sigil -- ebwizardry:fire_sigil
ebwizardry:firebolt -- ebwizardry:firebolt
ebwizardry:firebomb -- ebwizardry:firebomb
ebwizardry:flamecatcher_arrow -- ebwizardry:flamecatcher_arrow
ebwizardry:force_arrow -- ebwizardry:force_arrow
ebwizardry:force_orb -- ebwizardry:force_orb
ebwizardry:forcefield -- ebwizardry:forcefield
ebwizardry:frost_sigil -- ebwizardry:frost_sigil
ebwizardry:hailstorm -- ebwizardry:hailstorm
ebwizardry:healing_aura -- ebwizardry:healing_aura
ebwizardry:husk_minion -- ebwizardry:husk_minion
ebwizardry:ice_barrier -- ebwizardry:ice_barrier
ebwizardry:ice_charge -- ebwizardry:ice_charge
ebwizardry:ice_giant -- ebwizardry:ice_giant
ebwizardry:ice_lance -- ebwizardry:ice_lance
ebwizardry:ice_shard -- ebwizardry:ice_shard
ebwizardry:ice_spike -- ebwizardry:ice_spike
ebwizardry:ice_wraith -- ebwizardry:ice_wraith
ebwizardry:iceball -- ebwizardry:iceball
ebwizardry:large_magic_fireball -- ebwizardry:large_magic_fireball
ebwizardry:levitating_block -- ebwizardry:levitating_block
ebwizardry:lightning_arrow -- ebwizardry:lightning_arrow
ebwizardry:lightning_disc -- ebwizardry:lightning_disc
ebwizardry:lightning_hammer -- ebwizardry:lightning_hammer
ebwizardry:lightning_sigil -- ebwizardry:lightning_sigil
ebwizardry:lightning_wraith -- ebwizardry:lightning_wraith
ebwizardry:magic_fireball -- ebwizardry:magic_fireball
ebwizardry:magic_missile -- ebwizardry:magic_missile
ebwizardry:magic_slime -- ebwizardry:magic_slime
ebwizardry:meteor -- ebwizardry:meteor
ebwizardry:phoenix -- ebwizardry:phoenix
ebwizardry:poison_bomb -- ebwizardry:poison_bomb
ebwizardry:radiant_totem -- ebwizardry:radiant_totem
ebwizardry:remnant -- ebwizardry:remnant
ebwizardry:ring_of_fire -- ebwizardry:ring_of_fire
ebwizardry:shadow_wraith -- ebwizardry:shadow_wraith
ebwizardry:shield -- ebwizardry:shield
ebwizardry:silverfish_minion -- ebwizardry:silverfish_minion
ebwizardry:skeleton_minion -- ebwizardry:skeleton_minion
ebwizardry:smoke_bomb -- ebwizardry:smoke_bomb
ebwizardry:spark -- ebwizardry:spark
ebwizardry:spark_bomb -- ebwizardry:spark_bomb
ebwizardry:spectral_golem -- ebwizardry:spectral_golem
ebwizardry:spider_minion -- ebwizardry:spider_minion
ebwizardry:spirit_horse -- ebwizardry:spirit_horse
ebwizardry:spirit_wolf -- ebwizardry:spirit_wolf
ebwizardry:storm_elemental -- ebwizardry:storm_elemental
ebwizardry:stormcloud -- ebwizardry:stormcloud
ebwizardry:stray_minion -- ebwizardry:stray_minion
ebwizardry:thunderbolt -- ebwizardry:thunderbolt
ebwizardry:tornado -- ebwizardry:tornado
ebwizardry:vex_minion -- ebwizardry:vex_minion
ebwizardry:wither_skeleton_minion -- ebwizardry:wither_skeleton_minion
ebwizardry:withering_totem -- ebwizardry:withering_totem
ebwizardry:wizard -- ebwizardry:wizard
ebwizardry:zombie_minion -- ebwizardry:zombie_minion
ebwizardry:zombie_spawner -- ebwizardry:zombie_spawner
enderio:falling_machine -- enderio.falling_machine
enderio:owl_egg -- enderio.owl_egg
enderio:primed_charge -- enderio.primed_charge
enderiomachines:weather_rocket -- weather_rocket
enderutilities:chair -- enderutilities.chair
enderutilities:enderarrow -- enderutilities.enderarrow
enderutilities:endermanfighter -- enderutilities.endermanfighter
enderutilities:enderpearlreusable -- enderutilities.enderpearlreusable
enderutilities:fallingblock -- enderutilities.fallingblock
erebus:erebus.animated_bamboo_crate -- erebus.animated_bamboo_crate
erebus:erebus.animated_block -- erebus.animated_block
erebus:erebus.animated_chest -- erebus.animated_chest
erebus:erebus.antlion -- erebus.antlion
erebus:erebus.antlion_boss -- erebus.antlion_boss
erebus:erebus.antlion_mini_boss -- erebus.antlion_mini_boss
erebus:erebus.bed_bug -- erebus.bed_bug
erebus:erebus.beetle -- erebus.beetle
erebus:erebus.beetle_larva -- erebus.beetle_larva
erebus:erebus.black_ant -- erebus.black_ant
erebus:erebus.black_widow -- erebus.black_widow
erebus:erebus.bog_maw -- erebus.bog_maw
erebus:erebus.bombardier_beetle -- erebus.bombardier_beetle
erebus:erebus.bombardier_beetle_larva -- erebus.bombardier_beetle_larva
erebus:erebus.bot_fly -- erebus.bot_fly
erebus:erebus.bot_fly_larva -- erebus.bot_fly_larva
erebus:erebus.centipede -- erebus.centipede
erebus:erebus.chameleon_tick -- erebus.chameleon_tick
erebus:erebus.cicada -- erebus.cicada
erebus:erebus.crop_weevil -- erebus.crop_weevil
erebus:erebus.crushroom -- erebus.crushroom
erebus:erebus.dragon_fly -- erebus.dragon_fly
erebus:erebus.fire_ant -- erebus.fire_ant
erebus:erebus.fire_ant_soldier -- erebus.fire_ant_soldier
erebus:erebus.fire_resistent_item -- erebus.fire_resistent_item
erebus:erebus.fly -- erebus.fly
erebus:erebus.fungal_weevil -- erebus.fungal_weevil
erebus:erebus.gas_vent -- erebus.gas_vent
erebus:erebus.glow_worm -- erebus.glow_worm
erebus:erebus.goo_ball -- erebus.goo_ball
erebus:erebus.grasshopper -- erebus.grasshopper
erebus:erebus.honey_pot_ant -- erebus.honey_pot_ant
erebus:erebus.jumping_spider -- erebus.jumping_spider
erebus:erebus.lava_web_spider -- erebus.lava_web_spider
erebus:erebus.locust -- erebus.locust
erebus:erebus.magma_crawler -- erebus.magma_crawler
erebus:erebus.midge_swarm -- erebus.midge_swarm
erebus:erebus.money_spider -- erebus.money_spider
erebus:erebus.mosquito -- erebus.mosquito
erebus:erebus.moth -- erebus.moth
erebus:erebus.mucus_bomb_primed -- erebus.mucus_bomb_primed
erebus:erebus.poison_jet -- erebus.poison_jet
erebus:erebus.pond_skater -- erebus.pond_skater
erebus:erebus.praying_mantis -- erebus.praying_mantis
erebus:erebus.preserved_block -- erebus.preserved_block
erebus:erebus.punchroom -- erebus.punchroom
erebus:erebus.rhino_beetle -- erebus.rhino_beetle
erebus:erebus.scorpion -- erebus.scorpion
erebus:erebus.scytodes -- erebus.scytodes
erebus:erebus.solifuge -- erebus.solifuge
erebus:erebus.solifuge_small -- erebus.solifuge_small
erebus:erebus.spore_ball -- erebus.spore_ball
erebus:erebus.stag_beetle -- erebus.stag_beetle
erebus:erebus.tarantula -- erebus.tarantula
erebus:erebus.tarantula_baby -- erebus.tarantula_baby
erebus:erebus.tarantula_egg -- erebus.tarantula_egg
erebus:erebus.tarantula_mini_boss -- erebus.tarantula_mini_boss
erebus:erebus.thrown_sand -- erebus.thrown_sand
erebus:erebus.titan_beetle -- erebus.titan_beetle
erebus:erebus.umber_golem -- erebus.umber_golem
erebus:erebus.umber_golem_idol -- erebus.umber_golem_idol
erebus:erebus.velvet_worm -- erebus.velvet_worm
erebus:erebus.wasp -- erebus.wasp
erebus:erebus.wasp_dagger -- erebus.wasp_dagger
erebus:erebus.web_sling -- erebus.web_sling
erebus:erebus.woodlouse -- erebus.woodlouse
erebus:erebus.woodlouse_ball -- erebus.woodlouse_ball
erebus:erebus.worker_bee -- erebus.worker_bee
erebus:erebus.zombie_ant -- erebus.zombie_ant
erebus:erebus.zombie_ant_soldier -- erebus.zombie_ant_soldier
extra_spells:armor_piercing_missile -- armor_piercing_missile
extra_spells:chargable_strike_missile -- chargable_strike_missile
extrautils2:boomerang -- boomerang
extrautils2:chunkdata -- chunkdata
fluxnetworks:flux -- Flux
hatchery:roosterentity -- Rooster
hatchery:thrownegg -- HatcheryEgg
iceandfire:amphithere -- amphithere
iceandfire:amphitherearrow -- amphitherearrow
iceandfire:blackfrost -- blackfrost
iceandfire:chaintie -- chaintie
iceandfire:cyclops -- cyclops
iceandfire:deathworm -- deathworm
iceandfire:deathwormegg -- deathwormegg
iceandfire:dragon_lightning_bolt -- dragon_lightning_bolt
iceandfire:dragonarrow -- dragonarrow
iceandfire:dragonegg -- dragonegg
iceandfire:dragonfirecharge -- dragonfirecharge
iceandfire:dragonicecharge -- dragonicecharge
iceandfire:dragonlightningcharge -- dragonlightningcharge
iceandfire:dragonskull -- dragonskull
iceandfire:dread_beast -- dread_beast
iceandfire:dread_ghoul -- dread_ghoul
iceandfire:dread_horse -- dread_horse
iceandfire:dread_knight -- dread_knight
iceandfire:dread_lich -- dread_lich
iceandfire:dread_lich_skull -- dread_lich_skull
iceandfire:dread_queen -- dread_queen
iceandfire:dread_scuttler -- dread_scuttler
iceandfire:dread_thrall -- dread_thrall
iceandfire:firedragon -- firedragon
iceandfire:gorgon -- gorgon
iceandfire:hippocampus -- hippocampus
iceandfire:hippogryph -- hippogryph
iceandfire:hippogryphegg -- hippogryphegg
iceandfire:hydra_arrow -- hydra_arrow
iceandfire:hydra_breath -- hydra_breath
iceandfire:icedragon -- icedragon
iceandfire:if_cockatrice -- if_cockatrice
iceandfire:if_cockatriceegg -- if_cockatriceegg
iceandfire:if_hydra -- if_hydra
iceandfire:if_mob_skull -- if_mob_skull
iceandfire:if_pixie -- if_pixie
iceandfire:if_troll -- if_troll
iceandfire:lightningdragon -- lightningdragon
iceandfire:myrmex_egg -- myrmex_egg
iceandfire:myrmex_queen -- myrmex_queen
iceandfire:myrmex_royal -- myrmex_royal
iceandfire:myrmex_sentinel -- myrmex_sentinel
iceandfire:myrmex_soldier -- myrmex_soldier
iceandfire:myrmex_swarmer -- myrmex_swarmer
iceandfire:myrmex_worker -- myrmex_worker
iceandfire:pixiecharge -- pixiecharge
iceandfire:seaserpent -- seaserpent
iceandfire:seaserpentarrow -- seaserpentarrow
iceandfire:seaserpentbubble -- seaserpentbubble
iceandfire:siren -- siren
iceandfire:snowvillager -- snowvillager
iceandfire:stonestatue -- stonestatue
iceandfire:stymphalianarrow -- stymphalianarrow
iceandfire:stymphalianbird -- stymphalianbird
iceandfire:stymphalianfeather -- stymphalianfeather
iceandfire:tide_trident -- tide_trident
ichunutil:entity_block -- EntityBlock
immersivepetroleum:speedboat -- speedboat
industrialforegoing:pink_slime -- pink_slime
integrateddynamics:entityitemtargetted -- entityitemtargetted
leshen:howler -- howler
leshen:leshen -- leshen
leshen:leshen_spider -- summoned_spider
leshen:leshen_wolf -- summoned_wolf
mightyenderchicken:ent_chaoschicken -- ent_ChaosChicken
mightyenderchicken:ent_chickenspawner -- ent_ChickenSpawner
mightyenderchicken:ent_eggbomb -- ent_EggBomb
mightyenderchicken:ent_enderchicken -- ent_EnderChicken
minecraft:area_effect_cloud -- AreaEffectCloud
minecraft:armor_stand -- ArmorStand
minecraft:arrow -- Arrow
minecraft:bat -- Bat
minecraft:blaze -- Blaze
minecraft:boat -- Boat
minecraft:cave_spider -- CaveSpider
minecraft:chest_minecart -- MinecartChest
minecraft:chicken -- Chicken
minecraft:commandblock_minecart -- MinecartCommandBlock
minecraft:cow -- Cow
minecraft:creeper -- Creeper
minecraft:donkey -- Donkey
minecraft:dragon_fireball -- DragonFireball
minecraft:egg -- ThrownEgg
minecraft:elder_guardian -- ElderGuardian
minecraft:ender_crystal -- EnderCrystal
minecraft:ender_dragon -- EnderDragon
minecraft:ender_pearl -- ThrownEnderpearl
minecraft:enderman -- Enderman
minecraft:endermite -- Endermite
minecraft:evocation_fangs -- EvocationFangs
minecraft:evocation_illager -- EvocationIllager
minecraft:eye_of_ender_signal -- EyeOfEnderSignal
minecraft:falling_block -- FallingSand
minecraft:fireball -- Fireball
minecraft:fireworks_rocket -- FireworksRocketEntity
minecraft:furnace_minecart -- MinecartFurnace
minecraft:ghast -- Ghast
minecraft:giant -- Giant
minecraft:guardian -- Guardian
minecraft:hopper_minecart -- MinecartHopper
minecraft:horse -- Horse
minecraft:husk -- Husk
minecraft:illusion_illager -- IllusionIllager
minecraft:item -- Item
minecraft:item_frame -- ItemFrame
minecraft:leash_knot -- LeashKnot
minecraft:llama -- Llama
minecraft:llama_spit -- LlamaSpit
minecraft:magma_cube -- LavaSlime
minecraft:minecart -- MinecartRideable
minecraft:mooshroom -- MushroomCow
minecraft:mule -- Mule
minecraft:ocelot -- Ozelot
minecraft:painting -- Painting
minecraft:parrot -- Parrot
minecraft:pig -- Pig
minecraft:polar_bear -- PolarBear
minecraft:potion -- ThrownPotion
minecraft:rabbit -- Rabbit
minecraft:sheep -- Sheep
minecraft:shulker -- Shulker
minecraft:shulker_bullet -- ShulkerBullet
minecraft:silverfish -- Silverfish
minecraft:skeleton -- Skeleton
minecraft:skeleton_horse -- SkeletonHorse
minecraft:slime -- Slime
minecraft:small_fireball -- SmallFireball
minecraft:snowball -- Snowball
minecraft:snowman -- SnowMan
minecraft:spawner_minecart -- MinecartSpawner
minecraft:spectral_arrow -- SpectralArrow
minecraft:spider -- Spider
minecraft:squid -- Squid
minecraft:stray -- Stray
minecraft:tnt -- PrimedTnt
minecraft:tnt_minecart -- MinecartTNT
minecraft:vex -- Vex
minecraft:villager -- Villager
minecraft:villager_golem -- VillagerGolem
minecraft:vindication_illager -- VindicationIllager
minecraft:witch -- Witch
minecraft:wither -- WitherBoss
minecraft:wither_skeleton -- WitherSkeleton
minecraft:wither_skull -- WitherSkull
minecraft:wolf -- Wolf
minecraft:xp_bottle -- ThrownExpBottle
minecraft:xp_orb -- XPOrb
minecraft:zombie -- Zombie
minecraft:zombie_horse -- ZombieHorse
minecraft:zombie_pigman -- PigZombie
minecraft:zombie_villager -- ZombieVillager
mod_lavacow:acidjet -- mod_lavacow.acidjet
mod_lavacow:amber_scarab -- mod_lavacow.amber_scarab
mod_lavacow:amberlord -- mod_lavacow.amberlord
mod_lavacow:avaton -- mod_lavacow.avaton
mod_lavacow:banshee -- mod_lavacow.banshee
mod_lavacow:basicbomb -- mod_lavacow.basicbomb
mod_lavacow:boneworm -- mod_lavacow.boneworm
mod_lavacow:cactoid -- mod_lavacow.cactoid
mod_lavacow:cactusthorn -- mod_lavacow.cactusthorn
mod_lavacow:cactyrant -- mod_lavacow.cactyrant
mod_lavacow:deathcoil -- mod_lavacow.deathcoil
mod_lavacow:enigmoth -- mod_lavacow.enigmoth
mod_lavacow:enigmoth_larva -- mod_lavacow.enigmoth_larva
mod_lavacow:flamejet -- mod_lavacow.flamejet
mod_lavacow:foglet -- mod_lavacow.foglet
mod_lavacow:forsaken -- mod_lavacow.forsaken
mod_lavacow:ghost_swarmer -- mod_lavacow.ghost_swarmer
mod_lavacow:ghostbomb -- mod_lavacow.ghostbomb
mod_lavacow:ghostray -- mod_lavacow.ghostray
mod_lavacow:grave_robber -- mod_lavacow.grave_robber
mod_lavacow:grave_robber_ghost -- mod_lavacow.grave_robber_ghost
mod_lavacow:holygrenade -- mod_lavacow.holygrenade
mod_lavacow:imp -- mod_lavacow.imp
mod_lavacow:isnachi -- mod_lavacow.isnachi
mod_lavacow:ithaqua -- mod_lavacow.ithaqua
mod_lavacow:kings_wrath -- mod_lavacow.kings_wrath
mod_lavacow:lavacow -- mod_lavacow.lavacow
mod_lavacow:lilsludge -- mod_lavacow.lilsludge
mod_lavacow:mimic -- mod_lavacow.mimic
mod_lavacow:moth_scales -- mod_lavacow.moth_scales
mod_lavacow:mummy -- mod_lavacow.mummy
mod_lavacow:parasite -- mod_lavacow.parasite
mod_lavacow:pingu -- mod_lavacow.pingu
mod_lavacow:piranha -- mod_lavacow.piranha
mod_lavacow:piranhalauncher -- mod_lavacow.piranhalauncher
mod_lavacow:ptera -- mod_lavacow.ptera
mod_lavacow:raven -- mod_lavacow.raven
mod_lavacow:salamander -- mod_lavacow.salamander
mod_lavacow:sandburst -- mod_lavacow.sandburst
mod_lavacow:sapjet -- mod_lavacow.sapjet
mod_lavacow:scarecrow -- mod_lavacow.scarecrow
mod_lavacow:sea_hag -- mod_lavacow.sea_hag
mod_lavacow:skeletonking -- mod_lavacow.skeletonking
mod_lavacow:sludgejet -- mod_lavacow.sludgejet
mod_lavacow:sludgelord -- mod_lavacow.sludgelord
mod_lavacow:sonicbomb -- mod_lavacow.sonicbomb
mod_lavacow:soulworm -- mod_lavacow.soulworm
mod_lavacow:unburied -- mod_lavacow.unburied
mod_lavacow:undeadswine -- mod_lavacow.undeadswine
mod_lavacow:undertaker -- mod_lavacow.undertaker
mod_lavacow:vespa -- mod_lavacow.vespa
mod_lavacow:vespa_brood -- mod_lavacow.vespa_brood
mod_lavacow:vespacocoon -- mod_lavacow.vespacocoon
mod_lavacow:warsmallfireball -- mod_lavacow.warsmallfireball
mod_lavacow:weta -- mod_lavacow.weta
mod_lavacow:wraith -- mod_lavacow.wraith
mod_lavacow:zombiefrozen -- mod_lavacow.zombiefrozen
mod_lavacow:zombiemushroom -- mod_lavacow.zombiemushroom
mod_lavacow:zombiepiranha -- mod_lavacow.zombiepiranha
mowziesmobs:axe_attack -- axe_attack
mowziesmobs:baby_foliaath -- baby_foliaath
mowziesmobs:barako -- barako
mowziesmobs:barakoan_barakoana -- barakoan_barakoana
mowziesmobs:barakoan_player -- barakoan_player
mowziesmobs:barakoana -- barakoana
mowziesmobs:barakoaya -- barakoaya
mowziesmobs:block_swapper -- block_swapper
mowziesmobs:boulder -- boulder
mowziesmobs:dart -- dart
mowziesmobs:ferrous_wroughtnaut -- ferrous_wroughtnaut
mowziesmobs:foliaath -- foliaath
mowziesmobs:frostmaw -- frostmaw
mowziesmobs:frozen_controller -- frozen_controller
mowziesmobs:grottol -- grottol
mowziesmobs:ice_ball -- ice_ball
mowziesmobs:icebreath -- icebreath
mowziesmobs:lantern -- lantern
mowziesmobs:naga -- naga
mowziesmobs:poison_ball -- poison_ball
mowziesmobs:ring -- ring
mowziesmobs:solar_beam -- solar_beam
mowziesmobs:sunstrike -- sunstrike
mowziesmobs:super_nova -- super_nova
mysticalagriculture:inferium_arrow -- inferium_arrow
mysticalagriculture:intermedium_arrow -- intermedium_arrow
mysticalagriculture:prudentium_arrow -- prudentium_arrow
mysticalagriculture:superium_arrow -- superium_arrow
mysticalagriculture:supremium_arrow -- supremium_arrow
natura:imp -- imp
natura:nitrocreeper -- nitrocreeper
openblocks:cartographer -- openblocks.cartographer
openblocks:glyph -- openblocks.glyph
openblocks:golden_eye -- openblocks.golden_eye
openblocks:hang_glider -- openblocks.hang_glider
openblocks:item_projectile -- openblocks.item_projectile
openblocks:luggage -- openblocks.luggage
openblocks:magnet -- openblocks.magnet
openblocks:mini_me -- openblocks.mini_me
openblocks:mounted_block -- openblocks.mounted_block
openblocks:player_magnet -- openblocks.player_magnet
openblocks:xp_orb_no_fly -- openblocks.xp_orb_no_fly
openmods:block -- Block
plethora:fakeplayer -- plethora:fakePlayer
plethora:laser -- plethora:laser
plethora:minecartcomputer -- plethora:minecartComputer
plustic:blindbandit -- BlindBandit
plustic:supremeleader -- SupremeLeader
projecte:fire_projectile -- FireProjectile
projecte:homing_arrow -- HomingArrow
projecte:lava_projectile -- LavaProjectile
projecte:lens_projectile -- LensProjectile
projecte:mob_randomizer -- MobRandomizer
projecte:nova_cataclysm_primed -- NovaCataclysmPrimed
projecte:nova_catalyst_primed -- NovaCatalystPrimed
projecte:swrg_projectile -- LightningProjectile
projecte:water_projectile -- WaterProjectile
railcraft:bore -- bore
railcraft:cart_basic -- cart_basic
railcraft:cart_bed -- cart_bed
railcraft:cart_cargo -- cart_cargo
railcraft:cart_chest -- cart_chest
railcraft:cart_chest_metals -- cart_chest_metals
railcraft:cart_chest_void -- cart_chest_void
railcraft:cart_command_block -- cart_command_block
railcraft:cart_furnace -- cart_furnace
railcraft:cart_gift -- cart_gift
railcraft:cart_hopper -- cart_hopper
railcraft:cart_jukebox -- cart_jukebox
railcraft:cart_pumpkin -- cart_pumpkin
railcraft:cart_redstone_flux -- cart_redstone_flux
railcraft:cart_spawner -- cart_spawner
railcraft:cart_tank -- cart_tank
railcraft:cart_tnt -- cart_tnt
railcraft:cart_tnt_wood -- cart_tnt_wood
railcraft:cart_trade_station -- cart_trade_station
railcraft:cart_work -- cart_work
railcraft:cart_worldspike_admin -- cart_worldspike_admin
railcraft:cart_worldspike_personal -- cart_worldspike_personal
railcraft:cart_worldspike_standard -- cart_worldspike_standard
railcraft:fireproof_item -- ItemFireproof
railcraft:firestone -- ItemFirestone
railcraft:locomotive_creative -- locomotive_creative
railcraft:locomotive_electric -- locomotive_electric
railcraft:locomotive_steam_solid -- locomotive_steam_solid
railcraft:mow_track_layer -- mow_track_layer
railcraft:mow_track_relayer -- mow_track_relayer
railcraft:mow_track_remover -- mow_track_remover
railcraft:mow_undercutter -- mow_undercutter
randomthings:artificialendportal -- artificialEndPortal
randomthings:eclipsedclock -- eclipsedClock
randomthings:fallingblockspecial -- fallingBlockSpecial
randomthings:floofireplace -- flooFirePlace
randomthings:goldenchicken -- goldenChicken
randomthings:goldenegg -- goldenEgg
randomthings:playersoul -- playerSoul
randomthings:projecteditem -- projectedItem
randomthings:revivecircle -- reviveCircle
randomthings:spectreilluminator -- spectreIlluminator
randomthings:spirit -- spirit
randomthings:thrownweatheregg -- thrownWeatherEgg
randomthings:timeaccelerator -- timeAccelerator
randomthings:weathercloud -- weatherCloud
redstonearsenal:flux_arrow -- redstonearsenal.flux_arrow
tardis:bessie -- bessie
tardis:chair -- chair
tardis:companion -- companion
tardis:cyber_ray -- cyber_ray
tardis:dalek -- dalek
tardis:dalek_scaro -- dalek_scaro
tardis:defabric -- defabric
tardis:dim_change -- dim_change
tardis:direction_control -- direction_control
tardis:doors_brak_second -- doors_brak_second
tardis:fuel -- fuel
tardis:hellbent_corridor -- hellbent_corridor
tardis:hellbent_door -- hellbent_door
tardis:invasion_cyberman -- invasion_cyberman
tardis:land_type -- land_type
tardis:launch_lever -- launch_lever
tardis:monitor -- monitor
tardis:rand_control -- rand_control
tardis:sonic_slot -- sonic_slot
tardis:stabilizers -- stabilizers
tardis:tardis -- tardis
tardis:tardis_door -- tardis_door
tardis:tardis_door_control -- tardis_door_control
tardis:tardis_fast_return -- tardis_fast_return
tardis:tardis_magnitude -- tardis_magnitude
tardis:tardis_phone -- tardis_phone
tardis:telepathic_circuts -- telepathic_circuts
tardis:toyota_corridor -- toyota_corridor
tardis:waypoint_select -- waypoint_select
tardis:x_valve -- x_valve
tardis:y_valve -- y_valve
tardis:z_valve -- z_valve
tconstruct:arrow -- arrow
tconstruct:blueslime -- tconstruct.blueslime
tconstruct:bolt -- bolt
tconstruct:fancy_frame -- Fancy Item Frame
tconstruct:indestructible -- Indestructible Item
tconstruct:purpleslime -- tconstruct.purpleslime
tconstruct:shuriken -- shuriken
tconstruct:throwball -- Throwball
techreborn:nuke -- nuke
testdummy:dummy -- Dummy
testdummy:floating_number -- FloatingNumber
testdummy:floating_number_dps -- FloatingNumberDPS
tfspellpack:acid_rain_cloud -- tfspellpack:acid_rain_cloud
tfspellpack:carminite_ghastling_minion -- tfspellpack:carminite_ghastling_minion
tfspellpack:cave_troll_minion -- tfspellpack:cave_troll_minion
tfspellpack:cinder_cloud -- tfspellpack:cinder_cloud
tfspellpack:dark_mist_cloud -- tfspellpack:dark_mist_cloud
tfspellpack:druid_mage -- tfspellpack:druid_mage
tfspellpack:fiery_tear -- tfspellpack:fiery_tear
tfspellpack:fire_beetle_minion -- tfspellpack:fire_beetle_minion
tfspellpack:fire_jet -- tfspellpack:fire_jet
tfspellpack:magic_hydra_mortar -- tfspellpack:magic_hydra_mortar
tfspellpack:rain_of_tears -- tfspellpack:rain_of_tears
tfspellpack:redcap_goblin_minion -- tfspellpack:redcap_goblin_minion
tfspellpack:redcap_sapper_minion -- tfspellpack:redcap_sapper_minion
tfspellpack:skeleton_druid_minion -- tfspellpack:skeleton_druid_minion
tfspellpack:slime_beetle_minion -- tfspellpack:slime_beetle_minion
tfspellpack:snow_guardian_minion -- tfspellpack:snow_guardian_minion
tfspellpack:stable_ice_core_minion -- tfspellpack:stable_ice_core_minion
tfspellpack:twilight_wraith_minion -- tfspellpack:twilight_wraith_minion
tfspellpack:unstable_ice_core_minion -- tfspellpack:unstable_ice_core_minion
thaumadditions:blue_wolf -- thaumadditions.blue_wolf
thaumadditions:chester -- thaumadditions.chester
thaumadditions:essentia_shot -- thaumadditions.essentia_shot
thaumadditions:mithminite_scythe -- thaumadditions.mithminite_scythe
thaumcraft:alumentum -- Alumentum
thaumcraft:arcanebore -- ArcaneBore
thaumcraft:bottletaint -- BottleTaint
thaumcraft:brainyzombie -- BrainyZombie
thaumcraft:causalitycollapser -- CausalityCollapser
thaumcraft:cultistcleric -- CultistCleric
thaumcraft:cultistknight -- CultistKnight
thaumcraft:cultistleader -- CultistLeader
thaumcraft:cultistportalgreater -- CultistPortalGreater
thaumcraft:cultistportallesser -- CultistPortalLesser
thaumcraft:eldritchcrab -- EldritchCrab
thaumcraft:eldritchgolem -- EldritchGolem
thaumcraft:eldritchguardian -- EldritchGuardian
thaumcraft:eldritchorb -- EldritchOrb
thaumcraft:eldritchwarden -- EldritchWarden
thaumcraft:fallingtaint -- FallingTaint
thaumcraft:firebat -- Firebat
thaumcraft:fluxrift -- FluxRift
thaumcraft:focuscloud -- FocusCloud
thaumcraft:focusmine -- Focusmine
thaumcraft:focusprojectile -- FocusProjectile
thaumcraft:followitem -- FollowItem
thaumcraft:giantbrainyzombie -- GiantBrainyZombie
thaumcraft:golem -- Golem
thaumcraft:golemdart -- GolemDart
thaumcraft:golemorb -- GolemOrb
thaumcraft:grapple -- Grapple
thaumcraft:inhabitedzombie -- InhabitedZombie
thaumcraft:mindspider -- MindSpider
thaumcraft:pech -- Pech
thaumcraft:specialitem -- SpecialItem
thaumcraft:spellbat -- Spellbat
thaumcraft:taintacle -- Taintacle
thaumcraft:taintaclegiant -- TaintacleGiant
thaumcraft:taintacletiny -- TaintacleTiny
thaumcraft:taintcrawler -- TaintCrawler
thaumcraft:taintseed -- TaintSeed
thaumcraft:taintseedprime -- TaintSeedPrime
thaumcraft:taintswarm -- TaintSwarm
thaumcraft:thaumslime -- ThaumSlime
thaumcraft:turretadvanced -- TurretAdvanced
thaumcraft:turretbasic -- TurretBasic
thaumcraft:wisp -- Wisp
thaumicaugmentation:autocaster -- thaumicaugmentation.autocaster
thaumicaugmentation:autocaster_eldritch -- thaumicaugmentation.autocaster_eldritch
thaumicaugmentation:celestial_observer -- thaumicaugmentation.celestial_observer
thaumicaugmentation:dimensional_fracture -- thaumicaugmentation.dimensional_fracture
thaumicaugmentation:eldritch_golem -- thaumicaugmentation.eldritch_golem
thaumicaugmentation:eldritch_guardian -- thaumicaugmentation.eldritch_guardian
thaumicaugmentation:eldritch_warden -- thaumicaugmentation.eldritch_warden
thaumicaugmentation:golem_orb -- thaumicaugmentation.golem_orb
thaumicaugmentation:item_important -- thaumicaugmentation.item_important
thaumicaugmentation:item_indestructible -- thaumicaugmentation.item_important
thaumicaugmentation:item_rift_jar -- thaumicaugmentation.item_rift_jar
thaumicaugmentation:primal_wisp -- thaumicaugmentation.primal_wisp
thaumicaugmentation:shield_focus -- thaumicaugmentation.shield_focus
thaumicwonders:corruption_avatar -- corruption_avatar
thaumicwonders:flux_fireball -- flux_fireball
thaumicwonders:flying_carpet -- flying_carpet
thaumicwonders:hexamite_primed -- hexamite_primed
thaumicwonders:primal_arrow -- primal_arrow
thaumicwonders:void_portal -- void_portal
thebetweenlands:anadia -- thebetweenlands.anadia
thebetweenlands:angler -- thebetweenlands.angler
thebetweenlands:angry_pebble -- thebetweenlands.angry_pebble
thebetweenlands:ash_sprite -- thebetweenlands.ash_sprite
thebetweenlands:barrishee -- thebetweenlands.barrishee
thebetweenlands:betweenlands_fish_hook -- thebetweenlands.betweenlands_fish_hook
thebetweenlands:betweenstone_pebble -- thebetweenlands.betweenstone_pebble
thebetweenlands:bl_arrow -- thebetweenlands.bl_arrow
thebetweenlands:bl_elexir -- thebetweenlands.bl_elexir
thebetweenlands:blood_snail -- thebetweenlands.blood_snail
thebetweenlands:boulder_sprite -- thebetweenlands.boulder_sprite
thebetweenlands:bubbler_crab -- thebetweenlands.bubbler_crab
thebetweenlands:bubbler_crab_bubble -- thebetweenlands.bubbler_crab_bubble
thebetweenlands:cave_fish -- thebetweenlands.cave_fish
thebetweenlands:cc_ground_spawner -- thebetweenlands.cc_ground_spawner
thebetweenlands:chiromaw -- thebetweenlands.chiromaw
thebetweenlands:chiromaw_droppings -- thebetweenlands.chiromaw_droppings
thebetweenlands:chiromaw_greebling_rider -- thebetweenlands.chiromaw_greebling_rider
thebetweenlands:chiromaw_hatchling -- thebetweenlands.chiromaw_hatchling
thebetweenlands:chiromaw_matriarch -- thebetweenlands.chiromaw_matriarch
thebetweenlands:chiromaw_tame -- thebetweenlands.chiromaw_tame
thebetweenlands:crypt_crawler -- thebetweenlands.crypt_crawler
thebetweenlands:dark_druid -- thebetweenlands.dark_druid
thebetweenlands:decay_pit_target -- thebetweenlands.decay_pit_target
thebetweenlands:draeton -- thebetweenlands.draeton
thebetweenlands:draeton_chiromaw_tamed -- thebetweenlands.draeton_chiromaw_tamed
thebetweenlands:draeton_dragonfly -- thebetweenlands.draeton_dragonfly
thebetweenlands:draeton_firefly -- thebetweenlands.draeton_firefly
thebetweenlands:dragonfly -- thebetweenlands.dragonfly
thebetweenlands:dreadful_mummy -- thebetweenlands.dreadful_mummy
thebetweenlands:emberling -- thebetweenlands.emberling
thebetweenlands:emberling_shaman -- thebetweenlands.emberling_shaman
thebetweenlands:false_xp -- thebetweenlands.false_xp
thebetweenlands:firefly -- thebetweenlands.firefly
thebetweenlands:fish_bait_item -- thebetweenlands.fish_bait_item
thebetweenlands:fish_vortex -- thebetweenlands.fish_vortex
thebetweenlands:fishing_spear -- thebetweenlands.fishing_spear
thebetweenlands:fishing_tackle_box_seat -- thebetweenlands.fishing_tackle_box_seat
thebetweenlands:flame_jet -- thebetweenlands.flame_jet
thebetweenlands:fortress_boss -- thebetweenlands.fortress_boss
thebetweenlands:fortress_boss_blockade -- thebetweenlands.fortress_boss_blockade
thebetweenlands:fortress_boss_projectile -- thebetweenlands.fortress_boss_projectile
thebetweenlands:fortress_boss_spawner -- thebetweenlands.fortress_boss_spawner
thebetweenlands:fortress_boss_teleporter -- thebetweenlands.fortress_boss_teleporter
thebetweenlands:fortress_boss_turret -- thebetweenlands.fortress_boss_turret
thebetweenlands:freshwater_urchin -- thebetweenlands.freshwater_urchin
thebetweenlands:frog -- thebetweenlands.frog
thebetweenlands:gallery_frame -- thebetweenlands.gallery_frame
thebetweenlands:gas_cloud -- thebetweenlands.gas_cloud
thebetweenlands:gecko -- thebetweenlands.gecko
thebetweenlands:glowing_goop -- thebetweenlands.glowing_goop
thebetweenlands:grapping_hook_node -- thebetweenlands.grapping_hook_node
thebetweenlands:greebling -- thebetweenlands.greebling
thebetweenlands:greebling_coracle -- thebetweenlands.greebling_coracle
thebetweenlands:greebling_corpse -- thebetweenlands.greebling_corpse
thebetweenlands:greebling_volarpad_floater -- thebetweenlands.greebling_volarpad_floater
thebetweenlands:jellyfish -- thebetweenlands.jellyfish
thebetweenlands:jellyfish_cave -- thebetweenlands.jellyfish_cave
thebetweenlands:large_sludge_worm -- thebetweenlands.large_sludge_worm
thebetweenlands:leech -- thebetweenlands.leech
thebetweenlands:lightning -- thebetweenlands.lightning
thebetweenlands:lurker -- thebetweenlands.lurker
thebetweenlands:lurker_skin_raft -- thebetweenlands.lurker_skin_raft
thebetweenlands:mire_snail -- thebetweenlands.mire_snail
thebetweenlands:mire_snail_egg -- thebetweenlands.mire_snail_egg
thebetweenlands:mist_brige -- thebetweenlands.mist_brige
thebetweenlands:moving_spawner_hole -- thebetweenlands.moving_spawner_hole
thebetweenlands:moving_wall -- thebetweenlands.moving_wall
thebetweenlands:multipart_dummy -- thebetweenlands.multipart_dummy
thebetweenlands:mummy_arm -- thebetweenlands.mummy_arm
thebetweenlands:olm -- thebetweenlands.olm
thebetweenlands:peat_mummy -- thebetweenlands.peat_mummy
thebetweenlands:predator_arrow_guide -- thebetweenlands.predator_arrow_guide
thebetweenlands:pyrad -- thebetweenlands.pyrad
thebetweenlands:pyrad_flame -- thebetweenlands.pyrad_flame
thebetweenlands:resurrection -- thebetweenlands.resurrection
thebetweenlands:rock_snot -- thebetweenlands.rock_snot
thebetweenlands:rock_snot_tendril -- thebetweenlands.rock_snot_tendril
thebetweenlands:root_grabber -- thebetweenlands.root_grabber
thebetweenlands:root_sprite -- thebetweenlands.root_sprite
thebetweenlands:rope_node -- thebetweenlands.rope_node
thebetweenlands:sap_spit -- thebetweenlands.sap_spit
thebetweenlands:shambler -- thebetweenlands.shambler
thebetweenlands:shock -- thebetweenlands.shock
thebetweenlands:shockwave_block -- thebetweenlands.shockwave_block
thebetweenlands:shockwave_sword_item -- thebetweenlands.shockwave_sword_item
thebetweenlands:silt_crab -- thebetweenlands.silt_crab
thebetweenlands:sludge -- thebetweenlands.sludge
thebetweenlands:sludge_ball -- thebetweenlands.sludge_ball
thebetweenlands:sludge_jet -- thebetweenlands.sludge_jet
thebetweenlands:sludge_menace -- thebetweenlands.sludge_menace
thebetweenlands:sludge_menace_multipart_dummy -- thebetweenlands.sludge_menace_multipart_dummy
thebetweenlands:sludge_wall_jet -- thebetweenlands.sludge_wall_jet
thebetweenlands:small_sludge_worm -- thebetweenlands.small_sludge_worm
thebetweenlands:smoll_sludge -- thebetweenlands.smoll_sludge
thebetweenlands:snail_poison_jet -- thebetweenlands.snail_poison_jet
thebetweenlands:spike_wave -- thebetweenlands.spike_wave
thebetweenlands:spirit_tree_face_large -- thebetweenlands.spirit_tree_face_large
thebetweenlands:spirit_tree_face_mask -- thebetweenlands.spirit_tree_face_mask
thebetweenlands:spirit_tree_face_small -- thebetweenlands.spirit_tree_face_small
thebetweenlands:splodeshroom -- thebetweenlands.splodeshroom
thebetweenlands:spore_jet -- thebetweenlands.spore_jet
thebetweenlands:sporeling -- thebetweenlands.sporeling
thebetweenlands:stalker -- thebetweenlands.stalker
thebetweenlands:swamp_hag -- thebetweenlands.swamp_hag
thebetweenlands:swarm -- thebetweenlands.swarm
thebetweenlands:sword_energy -- thebetweenlands.sword_energy
thebetweenlands:tamed_spirit_tree_face -- thebetweenlands.tamed_spirit_tree_face
thebetweenlands:tar_beast -- thebetweenlands.tar_beast
thebetweenlands:tarminion -- thebetweenlands.tarminion
thebetweenlands:termite -- thebetweenlands.termite
thebetweenlands:thrown_tarminion -- thebetweenlands.thrown_tarminion
thebetweenlands:tiny_sludge_worm -- thebetweenlands.tiny_sludge_worm
thebetweenlands:tiny_sludge_worm_helper -- thebetweenlands.tiny_sludge_worm_helper
thebetweenlands:tiny_worm_egg_sac -- thebetweenlands.tiny_worm_egg_sac
thebetweenlands:toad -- thebetweenlands.toad
thebetweenlands:triggered_falling_block -- thebetweenlands.triggered_falling_block
thebetweenlands:triggered_sludge_wall_jet -- thebetweenlands.triggered_sludge_wall_jet
thebetweenlands:urchin_spike_aoe -- thebetweenlands.urchin_spike_aoe
thebetweenlands:volarkite -- thebetweenlands.volarkite
thebetweenlands:volatile_soul -- thebetweenlands.volatile_soul
thebetweenlands:wall_lamprey -- thebetweenlands.wall_lamprey
thebetweenlands:wall_living_root -- thebetweenlands.wall_living_root
thebetweenlands:weedwood_rowboat -- thebetweenlands.weedwood_rowboat
thebetweenlands:wight -- thebetweenlands.wight
thebetweenlands:wild_emberling -- thebetweenlands.wild_emberling
thebetweenlands:worm_ground_spawner -- thebetweenlands.worm_ground_spawner
thermaldynamics:transport -- transport
thermalexpansion:florb -- florb
thermalexpansion:morb -- morb
thermalfoundation:basalz -- thermalfoundation.basalz
thermalfoundation:basalz_bolt -- thermalfoundation.basalz_bolt
thermalfoundation:blitz -- thermalfoundation.blitz
thermalfoundation:blitz_bolt -- thermalfoundation.blitz_bolt
thermalfoundation:blizz -- thermalfoundation.blizz
thermalfoundation:blizz_bolt -- thermalfoundation.blizz_bolt
tombstone:grave_guardian -- tombstone.grave_guardian
tombstone:spectral_wolf -- tombstone.spectral_wolf
twilightforest:adherent -- twilightforest.adherent
twilightforest:armored_giant -- twilightforest.armored_giant
twilightforest:bighorn_sheep -- twilightforest.bighorn_sheep
twilightforest:blockchain_goblin -- twilightforest.blockchain_goblin
twilightforest:boggard -- twilightforest.boggard
twilightforest:bunny -- twilightforest.bunny
twilightforest:castle_guardian -- twilightforest.castle_guardian
twilightforest:chain_block -- twilightforest.chain_block
twilightforest:charm_effect -- twilightforest.charm_effect
twilightforest:cube_of_annihilation -- twilightforest.cube_of_annihilation
twilightforest:death_tome -- twilightforest.death_tome
twilightforest:deer -- twilightforest.deer
twilightforest:falling_ice -- twilightforest.falling_ice
twilightforest:fire_beetle -- twilightforest.fire_beetle
twilightforest:firefly -- twilightforest.firefly
twilightforest:giant_miner -- twilightforest.giant_miner
twilightforest:goblin_knight_lower -- twilightforest.goblin_knight_lower
twilightforest:goblin_knight_upper -- twilightforest.goblin_knight_upper
twilightforest:harbinger_cube -- twilightforest.harbinger_cube
twilightforest:hedge_spider -- twilightforest.hedge_spider
twilightforest:helmet_crab -- twilightforest.helmet_crab
twilightforest:hostile_wolf -- twilightforest.hostile_wolf
twilightforest:hydra -- twilightforest.hydra
twilightforest:hydra_head -- twilightforest.hydra_head
twilightforest:hydra_mortar -- twilightforest.hydra_mortar
twilightforest:ice_arrow -- twilightforest.ice_arrow
twilightforest:ice_crystal -- twilightforest.ice_crystal
twilightforest:ice_snowball -- twilightforest.ice_snowball
twilightforest:king_spider -- twilightforest.king_spider
twilightforest:knight_phantom -- twilightforest.knight_phantom
twilightforest:kobold -- twilightforest.kobold
twilightforest:lich -- twilightforest.lich
twilightforest:lich_bolt -- twilightforest.lich_bolt
twilightforest:lich_bomb -- twilightforest.lich_bomb
twilightforest:lich_minion -- twilightforest.lich_minion
twilightforest:loyal_zombie -- twilightforest.loyal_zombie
twilightforest:maze_slime -- twilightforest.maze_slime
twilightforest:mini_ghast -- twilightforest.mini_ghast
twilightforest:minoshroom -- twilightforest.minoshroom
twilightforest:minotaur -- twilightforest.minotaur
twilightforest:mist_wolf -- twilightforest.mist_wolf
twilightforest:moonworm_shot -- twilightforest.moonworm_shot
twilightforest:mosquito_swarm -- twilightforest.mosquito_swarm
twilightforest:naga -- twilightforest.naga
twilightforest:nature_bolt -- twilightforest.nature_bolt
twilightforest:penguin -- twilightforest.penguin
twilightforest:pinch_beetle -- twilightforest.pinch_beetle
twilightforest:quest_ram -- twilightforest.quest_ram
twilightforest:raven -- twilightforest.raven
twilightforest:redcap -- twilightforest.redcap
twilightforest:redcap_sapper -- twilightforest.redcap_sapper
twilightforest:rising_zombie -- twilightforest.rising_zombie
twilightforest:roving_cube -- twilightforest.roving_cube
twilightforest:seeker_arrow -- twilightforest.seeker_arrow
twilightforest:skeleton_druid -- twilightforest.skeleton_druid
twilightforest:slider -- twilightforest.slider
twilightforest:slime_beetle -- twilightforest.slime_beetle
twilightforest:slime_blob -- twilightforest.slime_blob
twilightforest:snow_guardian -- twilightforest.snow_guardian
twilightforest:snow_queen -- twilightforest.snow_queen
twilightforest:squirrel -- twilightforest.squirrel
twilightforest:stable_ice_core -- twilightforest.stable_ice_core
twilightforest:swarm_spider -- twilightforest.swarm_spider
twilightforest:thrown_ice -- twilightforest.thrown_ice
twilightforest:thrown_wep -- twilightforest.thrown_wep
twilightforest:tiny_bird -- twilightforest.tiny_bird
twilightforest:tome_bolt -- twilightforest.tome_bolt
twilightforest:tower_broodling -- twilightforest.tower_broodling
twilightforest:tower_ghast -- twilightforest.tower_ghast
twilightforest:tower_golem -- twilightforest.tower_golem
twilightforest:tower_termite -- twilightforest.tower_termite
twilightforest:troll -- twilightforest.troll
twilightforest:unstable_ice_core -- twilightforest.unstable_ice_core
twilightforest:ur_ghast -- twilightforest.ur_ghast
twilightforest:wand_bolt -- twilightforest.wand_bolt
twilightforest:wild_boar -- twilightforest.wild_boar
twilightforest:winter_wolf -- twilightforest.winter_wolf
twilightforest:wraith -- twilightforest.wraith
twilightforest:yeti -- twilightforest.yeti
twilightforest:yeti_alpha -- twilightforest.yeti_alpha
wrcbe:tracker -- tracker
